Respondent ID,Collector ID,Start Date,End Date,Device_Question,Age_Question,Gender,City,State,Zip Code,Country,Income_Question,Food_Preference,Item1,Item1_Price,Item2,Item2_Price,Item3,Item3_Price,Item4,Item4_Price,Item5,Item5_Price,Item6,Item6_Price,Google,Age,Gender,Household Income,Region,Device Type
6827015185,173013020,4/14/18 15:15,4/14/18 15:18,Laptop/Desktop,20,Male,Kokomo ,IN,46902,IN,1997,Other,Item1_PTSerif,2,Item2_Roboto,30,Item3_JosefinSans,50,Item4_PTSerif,90,Item5_JosefinSans,1,Item6_PTSerif,1,"Yes, and I found the actual prices from the actual restaurants.",18-29,Male,"$25,000-$49,999",East North Central,iOS Phone / Tablet
6826965691,173013020,4/14/18 14:12,4/14/18 14:16,Laptop/Desktop,42,Male,Bergenfield,NJ,7621,US,110000,Vegan,Item1_RobotoSlab,13.99,Item2_Roboto,12.99,Item3_JosefinSlab,16.99,Item4_JosefinSlab,15.99,Item5_JosefinSlab,18.99,Item6_PTSerif,16.99,No.,30-44,Male,"$125,000-$149,999",Middle Atlantic,MacOS Desktop / Laptop
6826746240,173013020,4/14/18 10:22,4/14/18 10:27,Laptop/Desktop,38,Male,Valdese,NC,28690,United States,40000,Omnivore,Item1_JosefinSans,10,Item2_RobotoSlab,11,Item3_PTSans,11,Item4_JosefinSlab,15,Item5_JosefinSans,13,Item6_JosefinSans,9,No.,30-44,Male,Prefer not to answer,Middle Atlantic,Windows Desktop / Laptop
6826496831,173013020,4/14/18 6:35,4/14/18 6:42,Laptop/Desktop,40,Male,savannah,GA,31407,usa,75000,Other,Item1_PTSans,10,Item2_JosefinSlab,15,Item3_PTSans,21,Item4_Roboto,18,Item5_JosefinSans,24,Item6_JosefinSans,18,"No, but I was tempted to.",30-44,Male,"$75,000-$99,999",South Atlantic,Windows Desktop / Laptop
6826396582,173013020,4/14/18 4:30,4/14/18 4:53,Laptop/Desktop,39,Male,arlington,MA,2476,usa,20000,Vegetarian,Item1_Roboto,10,Item2_JosefinSlab,12,Item3_PTSans,15,Item4_RobotoSlab,9,Item5_PTSerif,15,Item6_RobotoSlab,8,No.,30-44,Male,"$175,000-$199,999",New England,Windows Desktop / Laptop
6826232785,173013020,4/14/18 0:30,4/14/18 1:02,Laptop/Desktop,35,Male,Waukesha,WI,53186,Waukesha,55214,Omnivore,Item1_RobotoSlab,18,Item2_RobotoSlab,20,Item3_PTSerif,19,Item4_RobotoSlab,14,Item5_RobotoSlab,24,Item6_JosefinSans,20,No.,30-44,Male,"$50,000-$74,999",East North Central,Windows Desktop / Laptop
6825999254,173013020,4/13/18 17:01,4/13/18 18:51,Laptop/Desktop,26,Female,Brooklyn,NY,11218,United States,24000,Omnivore,Item1_JosefinSans,7,Item2_Roboto,5,Item3_JosefinSans,6,Item4_JosefinSlab,6,Item5_JosefinSans,6,Item6_JosefinSlab,5,No.,18-29,Female,"$10,000-$24,999",Middle Atlantic,Windows Desktop / Laptop
6825977535,173013020,4/13/18 18:10,4/13/18 18:25,Laptop/Desktop,31,Male,Davenport,IA,52806,United States,38000,Omnivore,Item1_JosefinSlab,15.99,Item2_Roboto,16.99,Item3_JosefinSans,15.99,Item4_JosefinSans,11.99,Item5_PTSans,21.99,Item6_PTSans,10.99,No.,30-44,Male,"$10,000-$24,999",West North Central,Windows Desktop / Laptop
6825967584,173013020,4/13/18 18:09,4/13/18 18:13,Laptop/Desktop,23,Male,Lowell,MA,1854,USA,115000,Omnivore,Item1_PTSerif,8,Item2_PTSerif,9,Item3_JosefinSlab,13,Item4_JosefinSans,10,Item5_Roboto,9,Item6_JosefinSlab,17,No.,18-29,Male,"$75,000-$99,999",New England,MacOS Desktop / Laptop
6825932970,173013020,4/13/18 17:32,4/13/18 17:36,Laptop/Desktop,63,Male,CHICAGO,IL,60634,US,24500,Omnivore,Item1_JosefinSlab,12,Item2_RobotoSlab,15,Item3_Roboto,18,Item4_RobotoSlab,13,Item5_Roboto,14,Item6_PTSerif,15,"No, but I was tempted to.",> 60,Male,"$10,000-$24,999",East North Central,Other
6825923391,173013020,4/13/18 17:22,4/13/18 17:26,Laptop/Desktop,30,Female,Chino Hills,CA,91709,United States,100000,Other,Item1_PTSerif,25,Item2_PTSerif,35,Item3_PTSans,68,Item4_PTSerif,59,Item5_RobotoSlab,20,Item6_JosefinSans,20,No.,18-29,Female,"$75,000-$99,999",Pacific,Windows Desktop / Laptop
6825922568,173013020,4/13/18 17:21,4/13/18 17:23,Laptop/Desktop,42,Female,San Carlos,CA,94070,USA,115000,Omnivore,Item1_JosefinSans,14.95,Item2_JosefinSans,22,Item3_Roboto,9.95,Item4_JosefinSans,24,Item5_PTSans,31,Item6_JosefinSlab,36,No.,30-44,Female,"$200,000+",Pacific,Windows Desktop / Laptop
6825920511,173013020,4/13/18 17:19,4/13/18 17:26,Laptop/Desktop,65,Male,Brooksville,FL,34601,USA,50000,Other,Item1_PTSerif,18,Item2_JosefinSlab,20,Item3_JosefinSans,20,Item4_JosefinSlab,45,Item5_JosefinSlab,55,Item6_PTSerif,8,No.,> 60,Male,"$25,000-$49,999",East South Central,Windows Desktop / Laptop
6825917170,173013020,4/13/18 17:15,4/13/18 17:22,Laptop/Desktop,51,Female,Downers Grove,IL,60516,United States,40,Omnivore,Item1_PTSans,12,Item2_Roboto,15,Item3_JosefinSans,18,Item4_JosefinSans,15,Item5_PTSerif,15,Item6_PTSans,15,No.,45-60,Female,"$100,000-$124,999",East North Central,Windows Desktop / Laptop
6825906718,173013020,4/13/18 17:05,4/13/18 17:12,Laptop/Desktop,67,Male,Las Vegas,NV,89107,U.S.,20000,Omnivore,Item1_RobotoSlab,12,Item2_PTSerif,15,Item3_JosefinSlab,15,Item4_RobotoSlab,25,Item5_PTSerif,25,Item6_JosefinSans,15,No.,> 60,Male,"$10,000-$24,999",,Windows Desktop / Laptop
6825903868,173013020,4/13/18 17:03,4/13/18 17:10,Laptop/Desktop,81,Female,Memphis,TN,38120,USA,45000,Other,Item1_JosefinSlab,16,Item2_JosefinSans,18,Item3_Roboto,20,Item4_JosefinSans,19,Item5_JosefinSans,24,Item6_PTSerif,22,"Yes, but I did not find the actual prices.",> 60,Female,"$25,000-$49,999",East South Central,Windows Desktop / Laptop
6825902599,173013020,4/13/18 17:02,4/13/18 17:07,Laptop/Desktop,62,Male,Port Jervis,NY,12771,United States,12000,Other,Item1_RobotoSlab,9.99,Item2_PTSans,9.99,Item3_PTSerif,14.99,Item4_JosefinSlab,10.99,Item5_PTSans,8.99,Item6_PTSerif,11.99,No.,> 60,Female,Prefer not to answer,Middle Atlantic,Windows Desktop / Laptop
6825684674,173013020,4/13/18 14:21,4/13/18 14:28,Laptop/Desktop,42,Male,Vergennes,VT,5491,USA,38000,Omnivore,Item1_Roboto,12,Item2_JosefinSlab,15,Item3_PTSerif,20,Item4_JosefinSans,20,Item5_JosefinSlab,12,Item6_JosefinSlab,8,No.,30-44,Male,"$25,000-$49,999",New England,Windows Desktop / Laptop
6825595790,173013020,4/13/18 13:26,4/13/18 13:49,Laptop/Desktop,42,Male,Oklahoma City,OK,73160,United States,93000,Omnivore,Item1_PTSans,8,Item2_JosefinSans,10,Item3_PTSerif,12,Item4_PTSans,9,Item5_JosefinSans,15,Item6_JosefinSans,15,No.,30-44,Male,"$75,000-$99,999",West South Central,Windows Desktop / Laptop
6825576155,173013020,4/13/18 13:22,4/13/18 13:27,Laptop/Desktop,31,Male,POPLAR GROVE,IL,61065,USA,36000,Omnivore,Item1_PTSerif,19,Item2_Roboto,15,Item3_JosefinSans,19,Item4_JosefinSlab,9,Item5_JosefinSlab,15,Item6_JosefinSlab,19,No.,30-44,Male,"$75,000-$99,999",East North Central,Windows Desktop / Laptop
6825360810,173013020,4/13/18 11:48,4/13/18 12:03,Laptop/Desktop,65,Other,miili,AL,47906,usa,30000,Pescatarian,Item1_JosefinSlab,50,Item2_Roboto,60,Item3_Roboto,70,Item4_JosefinSans,15,Item5_Roboto,30,Item6_PTSerif,50,"No, but I was tempted to.",18-29,Male,"$0-$9,999",East North Central,Windows Desktop / Laptop
6825337437,173013020,4/13/18 11:28,4/13/18 11:41,Laptop/Desktop,32,Male,Chicago,IL,606600,USA,70000,Omnivore,Item1_Roboto,16,Item2_JosefinSlab,16,Item3_JosefinSans,16,Item4_JosefinSlab,10,Item5_JosefinSans,16,Item6_JosefinSans,20,No.,30-44,Male,"$100,000-$124,999",East North Central,Windows Desktop / Laptop
6825302751,173013020,4/13/18 11:25,4/13/18 11:31,Laptop/Desktop,28,Male,Colorado Springs,CO,80903,United States,42000,Omnivore,Item1_JosefinSans,13,Item2_JosefinSlab,15,Item3_Roboto,17,Item4_PTSans,12,Item5_RobotoSlab,14,Item6_PTSerif,14,"No, but I was tempted to.",18-29,Male,"$50,000-$74,999",Mountain,MacOS Desktop / Laptop
6825272152,173013020,4/13/18 11:13,4/13/18 11:38,Laptop/Desktop,41,Male,Parker,CO,80134,United States,146000,Omnivore,Item1_Roboto,12,Item2_JosefinSlab,14,Item3_Roboto,17,Item4_PTSans,11,Item5_JosefinSlab,16,Item6_PTSans,17,No.,30-44,Male,"$125,000-$149,999",Mountain,Windows Desktop / Laptop
6825218157,173013020,4/13/18 10:53,4/13/18 10:55,Laptop/Desktop,42,Male,none,OH,of your ,business,0,Omnivore,Item1_JosefinSlab,12.99,Item2_Roboto,13.99,Item3_JosefinSans,13.99,Item4_PTSans,14.99,Item5_JosefinSlab,15.99,Item6_JosefinSans,18.99,No.,30-44,Male,Prefer not to answer,East North Central,Windows Desktop / Laptop
6825180199,173013020,4/13/18 10:39,4/13/18 10:44,Laptop/Desktop,34,Male,Omaha,NE,68106,US,50000,Omnivore,Item1_Roboto,15,Item2_JosefinSans,15,Item3_PTSerif,10,Item4_RobotoSlab,10,Item5_PTSans,15,Item6_JosefinSlab,12,No.,30-44,Male,"$50,000-$74,999",West North Central,Windows Desktop / Laptop
6824761806,173013020,4/13/18 8:06,4/13/18 8:07,Laptop/Desktop,24,Male,Cincinnati,OH,45240,United States,44000,Omnivore,Item1_JosefinSlab,20,Item2_Roboto,19,Item3_PTSans,25,Item4_RobotoSlab,15,Item5_JosefinSans,30,Item6_RobotoSlab,22,No.,18-29,Male,"$25,000-$49,999",West North Central,Windows Desktop / Laptop
6824708629,173013020,4/13/18 7:47,4/13/18 7:50,Laptop/Desktop,31,Male,LEHI,UT,84043,United States,80000,Omnivore,Item1_JosefinSans,17,Item2_Roboto,22,Item3_Roboto,25,Item4_JosefinSlab,14,Item5_PTSans,14,Item6_PTSerif,20,"No, but I was tempted to.",30-44,Male,"$50,000-$74,999",Mountain,Windows Desktop / Laptop
6824642776,173013020,4/13/18 7:22,4/13/18 7:27,Laptop/Desktop,39,Male,Boston,MA,2210,usa,200000,Omnivore,Item1_PTSans,11,Item2_JosefinSlab,8,Item3_RobotoSlab,13,Item4_JosefinSlab,10,Item5_PTSans,14,Item6_JosefinSans,14,No.,30-44,Male,"$125,000-$149,999",New England,Windows Desktop / Laptop
6824562357,173013020,4/13/18 6:55,4/13/18 6:58,Laptop/Desktop,28,Male,Madison,WI,53703,USA,40000,Omnivore,Item1_Roboto,9.99,Item2_JosefinSans,11.99,Item3_PTSans,14.99,Item4_JosefinSlab,12.99,Item5_RobotoSlab,23.99,Item6_RobotoSlab,12.99,No.,18-29,Male,"$25,000-$49,999",East North Central,MacOS Desktop / Laptop
6824454972,173013020,4/13/18 6:14,4/13/18 7:14,Laptop/Desktop,19,Male,New Glarus,WI,53574,United States,10000,Omnivore,Item1_JosefinSans,10,Item2_Roboto,20,Item3_PTSerif,15,Item4_JosefinSans,15,Item5_JosefinSans,18,Item6_JosefinSans,12,No.,18-29,Male,"$10,000-$24,999",West North Central,Windows Desktop / Laptop
6824396169,173013020,4/13/18 5:49,4/13/18 5:54,Laptop/Desktop,24,Male,KETTERING,OH,45429,United States,45000,Omnivore,Item1_PTSans,18,Item2_JosefinSlab,24,Item3_Roboto,28,Item4_RobotoSlab,18,Item5_PTSans,25,Item6_RobotoSlab,22,No.,18-29,Male,"$50,000-$74,999",East North Central,Windows Desktop / Laptop
6823559460,173013020,4/12/18 19:18,4/12/18 19:20,Laptop/Desktop,26,Male,Union City,CA,94587,United States,50,Vegetarian,Item1_RobotoSlab,45,Item2_JosefinSans,50,Item3_PTSans,55,Item4_RobotoSlab,60,Item5_PTSerif,30,Item6_JosefinSlab,35,"Yes, and I found the actual prices from the actual restaurants.",18-29,Male,"$0-$9,999",Pacific,MacOS Desktop / Laptop
6822990044,173013020,4/12/18 13:44,4/12/18 13:47,Laptop/Desktop,28,Male,Shakopee,MN,55379,United States,75000,Other,Item1_Roboto,13,Item2_JosefinSans,14,Item3_PTSerif,14,Item4_Roboto,16,Item5_Roboto,18,Item6_PTSans,16,"No, but I was tempted to.",18-29,Male,"$50,000-$74,999",West North Central,Windows Desktop / Laptop
6822602050,173013020,4/12/18 11:23,4/12/18 11:29,Laptop/Desktop,59,Male,Cheviot,OH,45211,USA,45000,Omnivore,Item1_RobotoSlab,15,Item2_JosefinSlab,16,Item3_RobotoSlab,24,Item4_Roboto,18,Item5_Roboto,12,Item6_JosefinSlab,30,No.,30-44,Male,"$100,000-$124,999",East North Central,Windows Desktop / Laptop
6822516929,173013020,4/12/18 10:56,4/12/18 11:00,Laptop/Desktop,21,Male,chattanooga,TN,37341,usa,24000,Omnivore,Item1_JosefinSlab,9,Item2_PTSerif,7,Item3_JosefinSans,13,Item4_Roboto,12,Item5_PTSans,11,Item6_Roboto,8,No.,18-29,Male,"$10,000-$24,999",East South Central,Windows Desktop / Laptop
6822216284,173013020,4/12/18 9:13,4/12/18 9:18,Laptop/Desktop,30,Male,Los Angeles,CA,90003,USA,41000,Other,Item1_RobotoSlab,15.99,Item2_JosefinSlab,20.99,Item3_Roboto,30.95,Item4_JosefinSans,11.95,Item5_JosefinSlab,10.99,Item6_JosefinSans,17.99,No.,30-44,Male,"$25,000-$49,999",Pacific,Windows Desktop / Laptop
6820834507,173013020,4/11/18 20:26,4/11/18 20:33,Laptop/Desktop,22,Male,Lincoln,NE,68508,United States,0,Omnivore,Item1_PTSans,18.99,Item2_JosefinSans,17.99,Item3_PTSerif,16.99,Item4_JosefinSlab,5.99,Item5_PTSerif,24.99,Item6_PTSans,35.95,No.,18-29,Male,"$0-$9,999",West North Central,Windows Desktop / Laptop
6820656114,173013020,4/11/18 18:19,4/11/18 18:32,Laptop/Desktop,28,Male,Plainfield,IL,60544,United States,29000,Omnivore,Item1_Roboto,13.5,Item2_RobotoSlab,12,Item3_JosefinSans,16,Item4_JosefinSans,13,Item5_RobotoSlab,14.5,Item6_JosefinSlab,17.5,No.,18-29,Male,Prefer not to answer,East North Central,Windows Desktop / Laptop
6820473447,173013020,4/11/18 16:32,4/11/18 16:36,Laptop/Desktop,41,Male,Moses Lake,WA,98837,United States,42000,Omnivore,Item1_Roboto,9.5,Item2_PTSans,13,Item3_PTSans,14,Item4_JosefinSlab,7,Item5_JosefinSans,13,Item6_RobotoSlab,15,No.,30-44,Male,"$75,000-$99,999",Pacific,Windows Desktop / Laptop
6820455002,173013020,4/11/18 16:22,4/11/18 16:27,Laptop/Desktop,55,Male,Kerrville,TX,78028,US,200000,Omnivore,Item1_PTSans,12,Item2_JosefinSans,14,Item3_Roboto,16,Item4_PTSerif,18,Item5_Roboto,30,Item6_RobotoSlab,35,No.,45-60,Male,"$175,000-$199,999",West South Central,Other
6820413536,173013020,4/11/18 16:03,4/11/18 16:08,Laptop/Desktop,64,Male,Pacifica,CA,94044,US,54000,Omnivore,Item1_RobotoSlab,7.5,Item2_JosefinSlab,12,Item3_PTSerif,14,Item4_RobotoSlab,18,Item5_Roboto,8.5,Item6_JosefinSlab,12.5,No.,> 60,Male,"$25,000-$49,999",Pacific,Windows Desktop / Laptop
6820350292,173013020,4/11/18 15:30,4/11/18 15:34,Laptop/Desktop,62,Male,Fraser,MI,48026,United States,60000,Omnivore,Item1_Roboto,12,Item2_JosefinSans,12,Item3_JosefinSans,15,Item4_PTSans,13,Item5_RobotoSlab,22,Item6_JosefinSlab,10,No.,> 60,Male,"$50,000-$74,999",East North Central,Windows Desktop / Laptop
6820341314,173013020,4/11/18 15:25,4/11/18 15:28,Laptop/Desktop,53,Male,Plainwell,MI,49080,United States,215000,Omnivore,Item1_JosefinSans,15,Item2_JosefinSans,18,Item3_JosefinSlab,21,Item4_JosefinSlab,11,Item5_JosefinSlab,18,Item6_JosefinSlab,24,No.,45-60,Male,"$175,000-$199,999",East North Central,MacOS Desktop / Laptop
6820338275,173013020,4/11/18 15:24,4/11/18 15:26,Laptop/Desktop,71,Male,Westerville,OH,43082,United States,100000,Omnivore,Item1_PTSans,12,Item2_PTSans,12,Item3_PTSans,15,Item4_JosefinSans,18,Item5_JosefinSlab,22,Item6_RobotoSlab,21,No.,> 60,Male,"$100,000-$124,999",East North Central,Windows Desktop / Laptop
6820279875,173013020,4/11/18 14:56,4/11/18 15:03,Laptop/Desktop,55,Male,madison,WI,53545,usa,35000,Omnivore,Item1_PTSerif,0,Item2_PTSerif,0,Item3_JosefinSlab,5,Item4_JosefinSans,5,Item5_PTSans,5,Item6_JosefinSlab,5,No.,> 60,Male,"$25,000-$49,999",East North Central,Windows Desktop / Laptop
6820261244,173013020,4/11/18 14:47,4/11/18 14:54,Laptop/Desktop,55,Male,The Colony,TX,75056,USA,122000,Other,Item1_PTSans,10,Item2_PTSans,12,Item3_Roboto,12,Item4_JosefinSlab,12,Item5_JosefinSans,18,Item6_RobotoSlab,15,No.,45-60,Male,"$100,000-$124,999",West South Central,Windows Desktop / Laptop
6820231256,173013020,4/11/18 14:34,4/11/18 14:45,Laptop/Desktop,45,Male,Boise,ID,83704,USA,50000,Omnivore,Item1_JosefinSans,10,Item2_PTSans,12,Item3_JosefinSans,15,Item4_Roboto,12,Item5_RobotoSlab,13,Item6_RobotoSlab,15,No.,45-60,Male,"$50,000-$74,999",Mountain,Windows Desktop / Laptop
6820141599,173013020,4/11/18 13:57,4/11/18 14:02,Laptop/Desktop,65,Male,Windsor,CT,06095/3736,usa,117000,Other,Item1_PTSerif,7,Item2_JosefinSans,6,Item3_RobotoSlab,9,Item4_PTSerif,6,Item5_PTSans,7,Item6_Roboto,6,No.,> 60,Male,"$125,000-$149,999",New England,Windows Desktop / Laptop
6820088587,173013020,4/11/18 13:36,4/11/18 13:41,Laptop/Desktop,43,Male,Mount Prospect,IL,60056,United States,44000,Omnivore,Item1_RobotoSlab,15,Item2_PTSans,18,Item3_RobotoSlab,24,Item4_PTSerif,18,Item5_Roboto,20,Item6_RobotoSlab,16,No.,30-44,Male,"$25,000-$49,999",East North Central,Windows Desktop / Laptop
6820069199,173013020,4/11/18 13:28,4/11/18 13:33,Laptop/Desktop,23,Male,Apple Valley,MN,55124,United states,30000,Other,Item1_PTSans,12.99,Item2_Roboto,15,Item3_JosefinSlab,9.99,Item4_Roboto,18,Item5_JosefinSans,12,Item6_JosefinSans,8.99,No.,18-29,Male,"$10,000-$24,999",West North Central,Windows Desktop / Laptop
6820048372,173013020,4/11/18 13:21,4/11/18 13:25,Laptop/Desktop,71,Male,paradise,CA,95969,US,110000,Omnivore,Item1_PTSans,20,Item2_PTSerif,18,Item3_JosefinSans,22,Item4_RobotoSlab,15,Item5_RobotoSlab,22,Item6_PTSerif,10,No.,> 60,Male,"$75,000-$99,999",Pacific,Windows Desktop / Laptop
6819928879,173013020,4/11/18 12:38,4/11/18 12:41,Laptop/Desktop,76,Male,Norwich,VT,5055,United States,159000,Other,Item1_PTSans,15,Item2_PTSerif,17,Item3_PTSans,17,Item4_Roboto,12,Item5_PTSans,10,Item6_PTSerif,9,No.,> 60,Male,Prefer not to answer,New England,Windows Desktop / Laptop
6819925451,173013020,4/11/18 12:36,4/11/18 12:41,Laptop/Desktop,66,Male,SLC,UT,84120,USA,75000,Omnivore,Item1_PTSerif,12.95,Item2_JosefinSans,10.95,Item3_JosefinSans,11.96,Item4_JosefinSlab,22,Item5_PTSerif,15.95,Item6_PTSerif,15.95,No.,> 60,Male,"$100,000-$124,999",Mountain,Windows Desktop / Laptop
6819891817,173013020,4/11/18 12:25,4/11/18 12:27,Laptop/Desktop,62,Male,baltimore,MD,21234,usa,38000,Omnivore,Item1_RobotoSlab,12,Item2_Roboto,15,Item3_JosefinSlab,15,Item4_RobotoSlab,18,Item5_PTSans,18,Item6_JosefinSlab,15,No.,> 60,Male,"$25,000-$49,999",South Atlantic,Windows Desktop / Laptop
6819890173,173013020,4/11/18 12:24,4/11/18 12:37,Laptop/Desktop,54,Male,lacresent,MN,55947,Houstan,21000,Omnivore,Item1_PTSerif,9.75,Item2_JosefinSlab,18,Item3_PTSerif,22,Item4_JosefinSlab,11.99,Item5_RobotoSlab,9.99,Item6_JosefinSlab,22.5,No.,45-60,Male,"$75,000-$99,999",West North Central,Windows Desktop / Laptop
6819628360,173013020,4/11/18 10:46,4/11/18 11:01,Laptop/Desktop,30,Other,New York,NY,10031,United States,25000,Pescatarian,Item1_Roboto,10,Item2_RobotoSlab,10,Item3_JosefinSlab,10,Item4_PTSerif,10,Item5_RobotoSlab,10,Item6_PTSans,10,No.,30-44,Male,"$10,000-$24,999",Middle Atlantic,Windows Desktop / Laptop
6819489518,173013020,4/11/18 10:01,4/11/18 10:08,Laptop/Desktop,65,Do not wish to answer.,Ridgefield,CT,6877,USA,250000,Other,Item1_JosefinSans,20,Item2_PTSerif,20,Item3_PTSerif,25,Item4_PTSans,85,Item5_PTSans,90,Item6_JosefinSlab,80,No.,> 60,Male,Prefer not to answer,New England,Windows Desktop / Laptop
6819356905,173013020,4/11/18 9:15,4/11/18 9:27,Laptop/Desktop,65,Male,Holualoa,HI,96725,USA,70000,Omnivore,Item1_JosefinSans,15,Item2_PTSerif,15,Item3_PTSerif,18,Item4_Roboto,12,Item5_PTSans,15,Item6_PTSans,20,No.,> 60,Male,"$75,000-$99,999",Pacific,Windows Desktop / Laptop
6819141248,173013020,4/11/18 8:05,4/11/18 8:09,Laptop/Desktop,65,Male,Beavercreek,OH,45440,United States,100000,Omnivore,Item1_PTSans,25,Item2_JosefinSlab,18,Item3_PTSans,27,Item4_JosefinSans,35,Item5_JosefinSans,30,Item6_Roboto,25,No.,> 60,Male,"$125,000-$149,999",East North Central,Windows Desktop / Laptop
6819120858,173013020,4/11/18 7:59,4/11/18 8:10,Laptop/Desktop,78,Male,town,FL,32707,U S A,24000,Other,Item1_JosefinSlab,15.99,Item2_JosefinSlab,18.99,Item3_PTSans,21.99,Item4_RobotoSlab,24.99,Item5_JosefinSlab,18.99,Item6_RobotoSlab,16.99,No.,> 60,Male,"$25,000-$49,999",South Atlantic,Windows Desktop / Laptop
6819119669,173013020,4/11/18 7:59,4/11/18 8:03,Laptop/Desktop,57,Male,S Bound Brook,NJ,8880,USA,22000,Other,Item1_RobotoSlab,25,Item2_Roboto,30,Item3_PTSerif,30,Item4_PTSans,20,Item5_Roboto,40,Item6_PTSerif,30,No.,45-60,Male,"$25,000-$49,999",Middle Atlantic,Other
6819030356,173013020,4/11/18 7:30,4/11/18 7:34,Laptop/Desktop,73,Male,Williamsburg,VA,23188,United States,202000,Omnivore,Item1_Roboto,15,Item2_JosefinSlab,17,Item3_Roboto,17,Item4_PTSerif,15,Item5_Roboto,14,Item6_PTSans,15,No.,> 60,Male,"$200,000+",South Atlantic,Windows Desktop / Laptop
6818941909,173013020,4/11/18 7:02,4/11/18 7:05,Laptop/Desktop,78,Male,orem,UT,84121,usa,9999,Omnivore,Item1_JosefinSlab,7,Item2_PTSans,10,Item3_JosefinSlab,20,Item4_PTSans,35,Item5_RobotoSlab,25,Item6_RobotoSlab,25,No.,> 60,Male,"$10,000-$24,999",Mountain,Windows Desktop / Laptop
6818936054,173013020,4/11/18 7:00,4/11/18 7:03,Laptop/Desktop,52,Male,Boise,ID,83703,USA,23000,Vegan,Item1_JosefinSans,5.99,Item2_JosefinSlab,3.49,Item3_Roboto,8.99,Item4_PTSans,1.99,Item5_Roboto,1.99,Item6_PTSans,1.99,No.,45-60,Male,"$75,000-$99,999",Mountain,Windows Desktop / Laptop
6818804263,173013020,4/11/18 6:14,4/11/18 6:19,Laptop/Desktop,49,Male,St Petersburg,FL,33716,USA,54000,Other,Item1_RobotoSlab,12.99,Item2_PTSans,11.99,Item3_PTSans,14.99,Item4_RobotoSlab,17.99,Item5_RobotoSlab,24.99,Item6_JosefinSlab,18.99,No.,45-60,Male,"$75,000-$99,999",South Atlantic,Windows Desktop / Laptop
6818778886,173013020,4/11/18 6:04,4/11/18 6:10,Laptop/Desktop,76,Male,Robins,IA,52328,United States,40000,Other,Item1_RobotoSlab,12,Item2_RobotoSlab,15,Item3_PTSans,18,Item4_JosefinSlab,20,Item5_JosefinSlab,19,Item6_JosefinSlab,19,No.,> 60,Male,Prefer not to answer,West North Central,Windows Desktop / Laptop
6818722276,173013020,4/11/18 5:36,4/11/18 5:57,Laptop/Desktop,50,Male,Ocoee,FL,34761,United States,85000,Omnivore,Item1_PTSans,10,Item2_Roboto,13,Item3_RobotoSlab,15,Item4_JosefinSlab,15,Item5_PTSerif,11,Item6_PTSerif,15,"No, but I was tempted to.",45-60,Male,"$75,000-$99,999",South Atlantic,MacOS Desktop / Laptop
6818649309,173013020,4/11/18 5:11,4/11/18 5:15,Laptop/Desktop,52,Male,springdale,AR,72764,usa,210000,Omnivore,Item1_JosefinSans,8.99,Item2_JosefinSlab,9.99,Item3_Roboto,11.99,Item4_JosefinSans,13.99,Item5_RobotoSlab,15.99,Item6_JosefinSans,12.99,No.,45-60,Male,"$200,000+",West South Central,Windows Desktop / Laptop
6818646209,173013020,4/11/18 5:09,4/11/18 5:15,Laptop/Desktop,67,Male,lc,LA,70605,usa,350000,Other,Item1_PTSans,16,Item2_JosefinSans,12,Item3_PTSans,19,Item4_JosefinSlab,11,Item5_RobotoSlab,14,Item6_Roboto,17,No.,> 60,Male,"$200,000+",West South Central,Windows Desktop / Laptop
6818536540,173013020,4/11/18 4:12,4/11/18 4:19,Laptop/Desktop,72,Male,Seaford,DE,19973,USA,50000,Omnivore,Item1_JosefinSlab,9.99,Item2_RobotoSlab,7.99,Item3_JosefinSans,10.99,Item4_RobotoSlab,7.99,Item5_PTSans,15.99,Item6_Roboto,12.99,No.,> 60,Male,"$50,000-$74,999",South Atlantic,Windows Desktop / Laptop
6818517129,173013020,4/11/18 4:01,4/11/18 4:04,Laptop/Desktop,66,Male,macungie,PA,18062,usa,40000,Other,Item1_JosefinSlab,14,Item2_Roboto,12,Item3_RobotoSlab,15,Item4_PTSans,12,Item5_JosefinSans,14,Item6_PTSans,15,No.,> 60,Male,"$25,000-$49,999",Middle Atlantic,Windows Desktop / Laptop
6818466559,173013020,4/11/18 3:31,4/11/18 3:37,Laptop/Desktop,50,Male,philadelphia,PA,19106,US,200000,Omnivore,Item1_PTSans,10,Item2_PTSerif,7,Item3_PTSerif,18,Item4_PTSerif,4,Item5_JosefinSans,3,Item6_JosefinSans,12,No.,> 60,Male,"$175,000-$199,999",South Atlantic,Windows Desktop / Laptop
6818404133,173013020,4/11/18 2:53,4/11/18 2:57,Laptop/Desktop,65,Male,Clayton,IN,46118,United States,110000,Omnivore,Item1_RobotoSlab,11.99,Item2_PTSans,12.99,Item3_Roboto,13.99,Item4_PTSerif,9.99,Item5_PTSans,11.99,Item6_Roboto,11.99,No.,> 60,Male,"$125,000-$149,999",East North Central,Windows Desktop / Laptop
6818395541,173013020,4/11/18 2:47,4/11/18 2:51,Laptop/Desktop,44,Male,minneapolis,MN,55402,USA,180000,Vegetarian,Item1_RobotoSlab,15,Item2_Roboto,13,Item3_PTSerif,18,Item4_JosefinSlab,11,Item5_PTSerif,13,Item6_PTSerif,13,No.,> 60,Male,"$200,000+",West North Central,Windows Desktop / Laptop
6818342116,173013020,4/11/18 2:12,4/11/18 2:19,Laptop/Desktop,66,Male,Spokane,WA,99223,USA,19000,Other,Item1_PTSerif,10,Item2_RobotoSlab,9,Item3_JosefinSlab,12,Item4_Roboto,10,Item5_JosefinSans,10,Item6_PTSans,11,No.,> 60,Male,"$10,000-$24,999",Pacific,Windows Desktop / Laptop
6818271039,173013020,4/11/18 1:25,4/11/18 1:28,Laptop/Desktop,32,Male,na,NE,2065,Australia,0,Vegetarian,Item1_JosefinSans,6,Item2_Roboto,1,Item3_Roboto,1,Item4_PTSans,1,Item5_JosefinSlab,1,Item6_JosefinSlab,1,No.,30-44,Male,"$75,000-$99,999",New England,Windows Desktop / Laptop
6818179509,173013020,4/11/18 0:19,4/11/18 0:25,Laptop/Desktop,56,Male,overthere,NM,87034,us,45000,Other,Item1_Roboto,25,Item2_Roboto,10,Item3_JosefinSlab,15,Item4_JosefinSans,25,Item5_JosefinSans,15,Item6_JosefinSlab,15,"No, but I was tempted to.",45-60,Male,"$10,000-$24,999",Mountain,Windows Desktop / Laptop
6818169209,173013020,4/11/18 0:11,4/11/18 0:16,Laptop/Desktop,71,Male,kanopolis,KS,67454,usa,50000,Other,Item1_RobotoSlab,13,Item2_PTSans,15,Item3_RobotoSlab,14,Item4_PTSerif,16,Item5_JosefinSlab,12,Item6_PTSerif,12,No.,> 60,Male,Prefer not to answer,West North Central,Windows Desktop / Laptop
6818096372,173013020,4/10/18 23:12,4/10/18 23:18,Laptop/Desktop,58,Male,Butte,MT,59701,usa,13000,Other,Item1_JosefinSlab,12,Item2_PTSans,15,Item3_JosefinSlab,20,Item4_PTSans,25,Item5_PTSans,36,Item6_RobotoSlab,13,No.,45-60,Male,"$10,000-$24,999",Mountain,Windows Desktop / Laptop
6818061227,173013020,4/10/18 22:42,4/10/18 22:50,Laptop/Desktop,59,Male,Kuna,ID,83634,United States,23000,Omnivore,Item1_PTSerif,12,Item2_JosefinSans,15,Item3_PTSans,18,Item4_PTSerif,20,Item5_Roboto,14,Item6_JosefinSlab,15,No.,45-60,Male,"$10,000-$24,999",Mountain,Windows Desktop / Laptop
6817991268,173013020,4/10/18 21:36,4/10/18 21:55,Laptop/Desktop,46,Male,Clovis,NM,88101,USA,20000,Other,Item1_JosefinSlab,9.95,Item2_JosefinSlab,14.95,Item3_PTSerif,19.95,Item4_RobotoSlab,9.95,Item5_Roboto,15.95,Item6_PTSans,19.95,No.,45-60,Male,"$10,000-$24,999",Mountain,Windows Desktop / Laptop
6817977127,173013020,4/10/18 21:25,4/10/18 21:34,Laptop/Desktop,61,Male,Conneaut Lake,PA,16316,USA,22000,Omnivore,Item1_PTSans,15,Item2_JosefinSlab,22,Item3_JosefinSlab,25,Item4_PTSans,67,Item5_Roboto,55,Item6_JosefinSans,35,No.,> 60,Male,"$10,000-$24,999",Middle Atlantic,Windows Desktop / Laptop
6817928191,173013020,4/10/18 20:43,4/10/18 20:47,Laptop/Desktop,57,Male,Chicago,IL,60660,USA,23000,Other,Item1_RobotoSlab,8,Item2_Roboto,6,Item3_PTSerif,12,Item4_JosefinSans,16,Item5_JosefinSans,14,Item6_RobotoSlab,11,No.,45-60,Male,"$10,000-$24,999",West North Central,MacOS Desktop / Laptop
6817885404,173013020,4/10/18 20:09,4/10/18 20:13,Laptop/Desktop,62,Male,Keymar,MD,21757,United States,77000,Omnivore,Item1_JosefinSans,18,Item2_PTSerif,18,Item3_PTSans,20,Item4_Roboto,8,Item5_PTSerif,16,Item6_JosefinSans,12,No.,45-60,Male,"$75,000-$99,999",South Atlantic,Windows Desktop / Laptop
6817789555,173013020,4/10/18 18:59,4/10/18 19:04,Laptop/Desktop,65,Male,Peterstown,WV,24963,USA,500,Omnivore,Item1_JosefinSlab,7,Item2_PTSans,6,Item3_Roboto,8,Item4_JosefinSans,10,Item5_JosefinSlab,18,Item6_PTSerif,12,No.,> 60,Male,Prefer not to answer,South Atlantic,Windows Desktop / Laptop
6817754377,173013020,4/10/18 18:37,4/10/18 18:39,Laptop/Desktop,55,Male,Mentor,OH,44060,USA,150000,Other,Item1_JosefinSans,15,Item2_RobotoSlab,15,Item3_RobotoSlab,15,Item4_RobotoSlab,20,Item5_PTSerif,50,Item6_JosefinSlab,20,No.,45-60,Male,"$125,000-$149,999",East North Central,Windows Desktop / Laptop
6817670849,173013020,4/10/18 17:46,4/10/18 17:48,Laptop/Desktop,69,Male,Baltimore,MD,21208,United States,91000,Omnivore,Item1_JosefinSans,14.95,Item2_JosefinSans,9.95,Item3_PTSerif,17.95,Item4_JosefinSans,20.95,Item5_PTSans,15.95,Item6_RobotoSlab,12.95,No.,> 60,Male,"$75,000-$99,999",South Atlantic,Windows Desktop / Laptop
6817668087,173013020,4/10/18 17:44,4/10/18 17:48,Laptop/Desktop,65,Male,Imperial,CA,92251,US,154000,Omnivore,Item1_RobotoSlab,12.95,Item2_PTSerif,11.95,Item3_RobotoSlab,14.95,Item4_RobotoSlab,17.95,Item5_PTSerif,18.95,Item6_RobotoSlab,17.95,No.,> 60,Male,"$150,000-$174,999",Pacific,Windows Desktop / Laptop
6817646685,173013020,4/10/18 17:32,4/10/18 17:39,Laptop/Desktop,69,Male,forest city,NC,28043,usa,105000,Omnivore,Item1_JosefinSans,10,Item2_JosefinSans,10,Item3_PTSerif,20,Item4_PTSerif,26,Item5_PTSerif,20,Item6_PTSans,12,No.,> 60,Male,"$100,000-$124,999",South Atlantic,Windows Desktop / Laptop
6817479956,173013020,4/10/18 15:58,4/10/18 16:01,Laptop/Desktop,22,Female,Naples,FL,34102,United States,7200,Vegetarian,Item1_JosefinSans,15,Item2_JosefinSlab,17,Item3_PTSans,16,Item4_Roboto,18,Item5_RobotoSlab,21,Item6_PTSerif,19,No.,18-29,Female,Prefer not to answer,South Atlantic,Windows Desktop / Laptop
6817470218,173013020,4/10/18 15:53,4/10/18 15:55,Laptop/Desktop,23,Female,Denver,CO,80222,US,20000,Omnivore,Item1_JosefinSans,12,Item2_Roboto,18,Item3_Roboto,22,Item4_JosefinSlab,13,Item5_Roboto,30,Item6_JosefinSans,25,No.,18-29,Female,Prefer not to answer,Mountain,MacOS Desktop / Laptop
6817455376,173013020,4/10/18 15:45,4/10/18 15:48,Laptop/Desktop,61,Male,Idaho Falls,ID,83404,United States,124000,Omnivore,Item1_PTSans,12,Item2_RobotoSlab,18,Item3_PTSans,21,Item4_Roboto,25,Item5_JosefinSans,28,Item6_JosefinSans,23,No.,> 60,Male,"$75,000-$99,999",Pacific,MacOS Desktop / Laptop
6817453495,173013020,4/10/18 15:44,4/10/18 15:48,Laptop/Desktop,65,Male,Honolulu,HI,96825-1828,United States,85000,Vegetarian,Item1_PTSans,10,Item2_PTSans,10,Item3_PTSans,8,Item4_RobotoSlab,10,Item5_Roboto,8,Item6_JosefinSlab,5,"No, but I was tempted to.",> 60,Male,"$75,000-$99,999",Pacific,MacOS Desktop / Laptop
6817436793,173013020,4/10/18 15:35,4/10/18 15:39,Laptop/Desktop,20,Do not wish to answer.,Somewhere,OR,9777,USA,7,Omnivore,Item1_Roboto,20,Item2_PTSans,30,Item3_JosefinSans,40,Item4_Roboto,20,Item5_Roboto,50,Item6_Roboto,20,No.,18-29,Female,"$25,000-$49,999",Pacific,Windows Desktop / Laptop
6817395543,173013020,4/10/18 15:13,4/10/18 15:25,Laptop/Desktop,63,Female,New York,NY,10028,USA,0,Pescatarian,Item1_PTSerif,16.95,Item2_RobotoSlab,18,Item3_RobotoSlab,21,Item4_JosefinSans,16,Item5_PTSans,18,Item6_RobotoSlab,18,No.,45-60,Female,Prefer not to answer,Middle Atlantic,Windows Desktop / Laptop
6817395029,173013020,4/10/18 15:11,4/10/18 15:38,Laptop/Desktop,33,Female,Phoenix,AZ,85015,United States,22000,Vegan,Item1_PTSerif,15,Item2_RobotoSlab,12,Item3_JosefinSans,10,Item4_Roboto,15,Item5_RobotoSlab,10,Item6_JosefinSans,18,No.,30-44,Female,"$25,000-$49,999",Mountain,Windows Desktop / Laptop
6817383490,173013020,4/10/18 15:07,4/10/18 15:13,Laptop/Desktop,51,Female,Mesa,AZ,85204,USA,0,Other,Item1_JosefinSlab,10,Item2_JosefinSlab,5,Item3_JosefinSans,5,Item4_Roboto,7,Item5_PTSerif,6,Item6_JosefinSans,8,No.,45-60,Female,"$75,000-$99,999",Mountain,Windows Desktop / Laptop
6817378281,173013020,4/10/18 15:05,4/10/18 15:09,Laptop/Desktop,19,Female,Cypress,TX,77433,United States,220000,Vegetarian,Item1_PTSans,18,Item2_PTSerif,17,Item3_PTSerif,29,Item4_RobotoSlab,15,Item5_JosefinSans,22,Item6_RobotoSlab,12,No.,18-29,Female,Prefer not to answer,West South Central,MacOS Desktop / Laptop
6817378130,173013020,4/10/18 15:04,4/10/18 15:11,Laptop/Desktop,65,Female,Lithonia,GA,30038,USA,29999,Other,Item1_PTSerif,15,Item2_PTSerif,20,Item3_RobotoSlab,20,Item4_JosefinSlab,25,Item5_PTSerif,45,Item6_Roboto,20,No.,> 60,Female,"$25,000-$49,999",South Atlantic,Windows Desktop / Laptop
6817377084,173013020,4/10/18 15:04,4/10/18 15:08,Laptop/Desktop,50,Female,Nosytown,ME,1001,USA,0,Vegetarian,Item1_PTSans,10,Item2_JosefinSlab,14,Item3_PTSans,15,Item4_Roboto,18,Item5_Roboto,12,Item6_Roboto,15,No.,45-60,Female,Prefer not to answer,New England,Windows Desktop / Laptop
6817352197,173013020,4/10/18 14:52,4/10/18 14:56,Laptop/Desktop,53,Female,Spokane,WA,99207,usa,53000,Omnivore,Item1_JosefinSlab,15,Item2_Roboto,17,Item3_Roboto,20,Item4_Roboto,11,Item5_PTSans,14,Item6_JosefinSans,15,No.,45-60,Female,"$75,000-$99,999",Pacific,Windows Desktop / Laptop
6817311134,173013020,4/10/18 14:33,4/10/18 14:40,Laptop/Desktop,83,Female,Hillsboro,OR,97124,USA,35000,Omnivore,Item1_PTSans,7,Item2_RobotoSlab,8,Item3_PTSerif,7,Item4_Roboto,10,Item5_JosefinSlab,10,Item6_PTSerif,9,No.,> 60,Female,"$25,000-$49,999",Pacific,Windows Desktop / Laptop
6817292488,173013020,4/10/18 14:25,4/10/18 14:28,Laptop/Desktop,52,Do not wish to answer.,town,NY,11901,usa,0,Omnivore,Item1_RobotoSlab,18,Item2_JosefinSlab,20,Item3_RobotoSlab,25,Item4_Roboto,30,Item5_RobotoSlab,25,Item6_RobotoSlab,25,No.,45-60,Female,Prefer not to answer,Middle Atlantic,Windows Desktop / Laptop
6817285952,173013020,4/10/18 14:22,4/10/18 14:27,Laptop/Desktop,78,Female,Fleetwood,PA,19522,United States,50000,Omnivore,Item1_RobotoSlab,12,Item2_PTSerif,10,Item3_Roboto,15,Item4_PTSerif,8,Item5_JosefinSans,15,Item6_PTSerif,12,No.,> 60,Female,Prefer not to answer,Middle Atlantic,Windows Desktop / Laptop
6817276066,173013020,4/10/18 14:17,4/10/18 14:22,Laptop/Desktop,33,Female,Watertown,WI,53098,United States,35000,Other,Item1_PTSerif,8.99,Item2_Roboto,10.99,Item3_JosefinSlab,12.99,Item4_RobotoSlab,10.99,Item5_PTSerif,11.99,Item6_PTSans,8.99,No.,30-44,Female,"$10,000-$24,999",East North Central,Windows Desktop / Laptop
6817266105,173013020,4/10/18 14:12,4/10/18 14:20,Laptop/Desktop,64,Male,anytown,HI,96750,US,0,Omnivore,Item1_JosefinSans,15.99,Item2_PTSerif,15.99,Item3_Roboto,24.99,Item4_JosefinSans,14.99,Item5_PTSerif,25.99,Item6_Roboto,19.99,No.,> 60,Male,Prefer not to answer,Pacific,Windows Desktop / Laptop
6817258612,173013020,4/10/18 14:09,4/10/18 14:23,Laptop/Desktop,66,Female,forestville,MD,20747,usa,500000,Omnivore,Item1_PTSerif,10,Item2_PTSerif,10,Item3_JosefinSans,20,Item4_PTSerif,25,Item5_JosefinSans,20,Item6_PTSerif,20,No.,> 60,Female,"$50,000-$74,999",South Atlantic,Windows Desktop / Laptop
6817252406,173013020,4/10/18 14:07,4/10/18 14:14,Laptop/Desktop,63,Male,west mifflin,PA,15122,USA,124000,Omnivore,Item1_JosefinSans,25,Item2_RobotoSlab,36,Item3_JosefinSlab,28,Item4_Roboto,18,Item5_PTSerif,38,Item6_PTSans,31,No.,> 60,Male,"$100,000-$124,999",Middle Atlantic,Windows Desktop / Laptop
6817251274,173013020,4/10/18 14:07,4/10/18 14:12,Laptop/Desktop,51,Male,los angeles,CA,90065,USA,300000,Omnivore,Item1_JosefinSans,18,Item2_PTSans,22,Item3_RobotoSlab,22,Item4_JosefinSlab,20,Item5_Roboto,30,Item6_RobotoSlab,28,No.,45-60,Female,"$200,000+",Pacific,MacOS Desktop / Laptop
6817236842,173013020,4/10/18 14:01,4/10/18 14:06,Laptop/Desktop,43,Do not wish to answer.,denver,CO,80203,usa,1,Vegetarian,Item1_Roboto,20,Item2_Roboto,18,Item3_RobotoSlab,22,Item4_PTSerif,14,Item5_JosefinSlab,11,Item6_PTSerif,9,No.,30-44,Female,"$100,000-$124,999",Mountain,Windows Desktop / Laptop
6817233037,173013020,4/10/18 13:59,4/10/18 14:03,Laptop/Desktop,69,Female,waterford,CT,6385,US,100000,Omnivore,Item1_PTSerif,6,Item2_JosefinSans,9,Item3_RobotoSlab,20,Item4_RobotoSlab,12,Item5_JosefinSans,30,Item6_JosefinSlab,12,No.,> 60,Female,"$100,000-$124,999",New England,Windows Desktop / Laptop
6817229399,173013020,4/10/18 13:58,4/10/18 14:01,Laptop/Desktop,20,Female,san marcos,CA,92078,America,2000,Other,Item1_JosefinSans,22,Item2_Roboto,20,Item3_RobotoSlab,30,Item4_Roboto,25,Item5_RobotoSlab,25,Item6_PTSerif,16,No.,18-29,Female,"$0-$9,999",Pacific,MacOS Desktop / Laptop
6817220903,173013020,4/10/18 13:54,4/10/18 13:58,Laptop/Desktop,45,Female,Tarzana,CA,91356,United States,125000,Other,Item1_Roboto,16,Item2_PTSerif,22,Item3_Roboto,18,Item4_JosefinSans,15,Item5_PTSerif,17,Item6_JosefinSans,21,No.,45-60,Female,"$100,000-$124,999",Pacific,Windows Desktop / Laptop
6817219950,173013020,4/10/18 13:54,4/10/18 14:20,Laptop/Desktop,58,Female,Amarillo,TX,79106,USA,37000,Other,Item1_JosefinSlab,15,Item2_PTSans,15,Item3_Roboto,30,Item4_PTSerif,50,Item5_JosefinSlab,18,Item6_PTSerif,15,No.,45-60,Female,"$50,000-$74,999",West South Central,Windows Desktop / Laptop
6817216485,173013020,4/10/18 13:53,4/10/18 13:55,Laptop/Desktop,46,Female,grove city,OH,43123,usa,1500,Other,Item1_PTSerif,5,Item2_RobotoSlab,5,Item3_Roboto,5,Item4_RobotoSlab,5,Item5_Roboto,5,Item6_JosefinSans,5,No.,45-60,Female,"$10,000-$24,999",East North Central,Windows Desktop / Laptop
6817197658,173013020,4/10/18 13:45,4/10/18 13:53,Laptop/Desktop,63,Female,Watkins Glen,NY,14891,United States,22000,Other,Item1_Roboto,19,Item2_Roboto,25,Item3_RobotoSlab,23,Item4_JosefinSans,30,Item5_PTSerif,45,Item6_JosefinSlab,28,No.,> 60,Female,"$25,000-$49,999",Middle Atlantic,Windows Desktop / Laptop
6817191208,173013020,4/10/18 13:43,4/10/18 13:48,Laptop/Desktop,81,Male,sacramento,CA,95826,sacramento,200000,Omnivore,Item1_PTSans,9,Item2_JosefinSlab,8,Item3_Roboto,12,Item4_PTSans,15,Item5_PTSans,10,Item6_JosefinSans,10,No.,> 60,Male,"$100,000-$124,999",Pacific,Windows Desktop / Laptop
6817181489,173013020,4/10/18 13:39,4/10/18 13:44,Laptop/Desktop,63,Female,columbus,OH,43085,usa,30000,Omnivore,Item1_RobotoSlab,8,Item2_JosefinSlab,10,Item3_PTSans,14,Item4_PTSans,14,Item5_PTSerif,12,Item6_JosefinSans,16,No.,> 60,Female,"$50,000-$74,999",East North Central,Windows Desktop / Laptop
6817176319,173013020,4/10/18 13:36,4/10/18 13:49,Laptop/Desktop,62,Female,Spokane,WA,99205,USA,15000,Omnivore,Item1_JosefinSans,12,Item2_Roboto,15,Item3_PTSerif,18,Item4_PTSans,9,Item5_JosefinSlab,12,Item6_PTSerif,13,No.,> 60,Female,"$10,000-$24,999",Pacific,Other
6817172489,173013020,4/10/18 13:36,4/10/18 13:41,Laptop/Desktop,59,Female,Franklinton,NC,27525,United States,180000,Vegetarian,Item1_PTSerif,25,Item2_JosefinSlab,30,Item3_JosefinSans,20,Item4_PTSerif,50,Item5_PTSerif,55,Item6_JosefinSans,60,"No, but I was tempted to.",45-60,Female,"$175,000-$199,999",South Atlantic,Windows Desktop / Laptop
6817123982,173013020,4/10/18 13:18,4/10/18 13:21,Laptop/Desktop,21,Female,Stillwater ,OK,74074,USA,0,Omnivore,Item1_RobotoSlab,14,Item2_JosefinSlab,17,Item3_RobotoSlab,28,Item4_PTSans,20,Item5_PTSerif,30,Item6_Roboto,16,No.,18-29,Female,"$0-$9,999",West South Central,MacOS Desktop / Laptop
6817112384,173013020,4/10/18 13:14,4/10/18 13:18,Laptop/Desktop,52,Female,lawrence,KS,66046,usa,40000,Omnivore,Item1_RobotoSlab,9.99,Item2_PTSerif,12,Item3_Roboto,15,Item4_JosefinSans,9.99,Item5_JosefinSlab,15,Item6_JosefinSans,15,No.,45-60,Female,"$25,000-$49,999",West North Central,Windows Desktop / Laptop
6817105650,173013020,4/10/18 13:12,4/10/18 13:15,Laptop/Desktop,32,Male,clinton,UT,84015,usa,100000,Omnivore,Item1_RobotoSlab,29.99,Item2_Roboto,29.99,Item3_RobotoSlab,34.99,Item4_PTSans,37.99,Item5_PTSerif,37.99,Item6_RobotoSlab,17.99,No.,30-44,Male,Prefer not to answer,Mountain,Windows Desktop / Laptop
6817099173,173013020,4/10/18 13:09,4/10/18 13:13,Laptop/Desktop,50,Female,Canton,MI,48187-3611,United States,80000,Vegan,Item1_JosefinSlab,8,Item2_PTSerif,10,Item3_PTSerif,7,Item4_JosefinSans,9,Item5_RobotoSlab,10,Item6_PTSans,8,No.,45-60,Female,"$100,000-$124,999",East North Central,Windows Desktop / Laptop
6817095222,173013020,4/10/18 13:08,4/10/18 13:12,Laptop/Desktop,69,Male,Pembroke,NH,3301,USA,40000,Omnivore,Item1_JosefinSlab,0,Item2_JosefinSans,0,Item3_Roboto,0,Item4_Roboto,0,Item5_PTSans,0,Item6_Roboto,0,No.,> 60,Male,"$25,000-$49,999",New England,MacOS Desktop / Laptop
6817094569,173013020,4/10/18 13:08,4/10/18 13:11,Laptop/Desktop,41,Female,Basehor,KS,66007,United States,113000,Omnivore,Item1_PTSans,9,Item2_JosefinSlab,13,Item3_Roboto,15,Item4_PTSans,30,Item5_PTSerif,45,Item6_RobotoSlab,20,No.,30-44,Female,Prefer not to answer,West North Central,Windows Desktop / Laptop
6817074106,173013020,4/10/18 13:01,4/10/18 13:04,Laptop/Desktop,64,Male,Lakewood,CO,80232,USA,80000,Omnivore,Item1_JosefinSlab,20,Item2_PTSerif,20,Item3_Roboto,22,Item4_RobotoSlab,20,Item5_Roboto,22,Item6_Roboto,20,No.,> 60,Male,"$75,000-$99,999",Mountain,MacOS Desktop / Laptop
6817057543,173013020,4/10/18 12:51,4/10/18 13:00,Laptop/Desktop,60,Male,Kansas City,MO,64137,USA,43000,Vegan,Item1_Roboto,10,Item2_PTSerif,12,Item3_RobotoSlab,15,Item4_JosefinSlab,15,Item5_PTSans,15,Item6_Roboto,10,No.,> 60,Male,"$25,000-$49,999",Mountain,Windows Desktop / Laptop
6817053753,173013020,4/10/18 12:54,4/10/18 12:57,Laptop/Desktop,67,Female,Pasadena,CA,91105-,United States,30000,Vegan,Item1_JosefinSans,9,Item2_RobotoSlab,10,Item3_JosefinSans,11,Item4_Roboto,10,Item5_JosefinSans,9,Item6_Roboto,10,No.,> 60,Female,"$75,000-$99,999",Pacific,MacOS Desktop / Laptop
6817047782,173013020,4/10/18 12:52,4/10/18 12:56,Laptop/Desktop,19,Female,omaha,NE,68130,United States,30000,Omnivore,Item1_Roboto,9,Item2_RobotoSlab,10,Item3_PTSans,12,Item4_JosefinSans,8,Item5_PTSans,20,Item6_PTSans,10,No.,18-29,Female,"$0-$9,999",West North Central,MacOS Desktop / Laptop
6817045940,173013020,4/10/18 12:51,4/10/18 12:55,Laptop/Desktop,69,Female,Lincoln,NE,68507,usa,75000,Omnivore,Item1_Roboto,25,Item2_JosefinSlab,20,Item3_JosefinSlab,30,Item4_Roboto,20,Item5_PTSerif,40,Item6_JosefinSans,30,No.,> 60,Female,"$75,000-$99,999",West North Central,Windows Desktop / Laptop
6817037544,173013020,4/10/18 12:48,4/10/18 12:53,Laptop/Desktop,58,Female,Phoenix,AZ,85331,United States,110000,Pescatarian,Item1_RobotoSlab,11.99,Item2_PTSans,14.99,Item3_PTSerif,18.99,Item4_PTSans,28.99,Item5_JosefinSlab,24.99,Item6_PTSans,21.99,No.,> 60,Female,"$75,000-$99,999",Mountain,Windows Desktop / Laptop
6817025919,173013020,4/10/18 12:44,4/10/18 12:49,Laptop/Desktop,52,Female,Cincinnati,OH,45241,U.S.,45350,Omnivore,Item1_RobotoSlab,10,Item2_Roboto,8.5,Item3_PTSans,15,Item4_JosefinSlab,15,Item5_Roboto,20,Item6_JosefinSans,14,No.,45-60,Female,Prefer not to answer,East North Central,Windows Desktop / Laptop
6817018456,173013020,4/10/18 12:42,4/10/18 13:07,Laptop/Desktop,23,Female,not comfortable to say,CT,not comfortable to say,US,0,Vegetarian,Item1_JosefinSlab,13.95,Item2_RobotoSlab,14.95,Item3_RobotoSlab,16.95,Item4_PTSerif,19.95,Item5_PTSerif,11.95,Item6_PTSerif,10.95,No.,18-29,Female,"$75,000-$99,999",Middle Atlantic,MacOS Desktop / Laptop
6817006072,173013020,4/10/18 12:38,4/10/18 12:44,Laptop/Desktop,34,Female,DILLWYN,VA,23936,United States,60000,Omnivore,Item1_PTSerif,10,Item2_PTSans,11,Item3_PTSans,12,Item4_JosefinSlab,15,Item5_JosefinSlab,15,Item6_PTSerif,12,"No, but I was tempted to.",45-60,Female,"$25,000-$49,999",South Atlantic,Windows Desktop / Laptop
6816994598,173013020,4/10/18 12:33,4/10/18 12:39,Laptop/Desktop,86,Female,Allen,TX,75002,USA,22500,Pescatarian,Item1_JosefinSans,10,Item2_Roboto,14,Item3_Roboto,18,Item4_JosefinSans,12,Item5_PTSans,10,Item6_PTSerif,8,"No, but I was tempted to.",> 60,Female,"$10,000-$24,999",West South Central,Windows Desktop / Laptop
6816986436,173013020,4/10/18 12:31,4/10/18 12:36,Laptop/Desktop,48,Female,New Castle,DE,19720,U.S.A,55000,Other,Item1_Roboto,14,Item2_PTSerif,16,Item3_PTSerif,18,Item4_Roboto,15,Item5_PTSerif,15,Item6_RobotoSlab,12,No.,45-60,Female,"$125,000-$149,999",South Atlantic,Windows Desktop / Laptop
6816983953,173013020,4/10/18 12:30,4/10/18 12:34,Laptop/Desktop,48,Female,Germantown,MD,20874,USA,150000,Other,Item1_JosefinSlab,14,Item2_JosefinSlab,17,Item3_Roboto,16,Item4_RobotoSlab,9,Item5_RobotoSlab,12,Item6_JosefinSans,17,No.,45-60,Female,"$125,000-$149,999",South Atlantic,Windows Desktop / Laptop
6816978650,173013020,4/10/18 12:28,4/10/18 12:34,Laptop/Desktop,58,Female,Rock Island ,IL,61201,USA,52000,Other,Item1_PTSerif,20,Item2_PTSerif,30,Item3_PTSans,20,Item4_PTSerif,45,Item5_PTSans,35,Item6_RobotoSlab,35,No.,45-60,Female,"$25,000-$49,999",East North Central,Windows Desktop / Laptop
6816968542,173013020,4/10/18 12:25,4/10/18 12:27,Laptop/Desktop,55,Female,Media,PA,19063,USA,0,Vegan,Item1_PTSans,8,Item2_JosefinSlab,12,Item3_JosefinSlab,15,Item4_JosefinSans,11,Item5_JosefinSlab,16,Item6_PTSans,13,No.,45-60,Female,"$125,000-$149,999",Middle Atlantic,Windows Desktop / Laptop
6816957089,173013020,4/10/18 12:21,4/10/18 12:24,Laptop/Desktop,42,Female,Harrisburg,PA,17111,United States,100000,Other,Item1_JosefinSans,12,Item2_JosefinSlab,12,Item3_Roboto,24,Item4_JosefinSlab,25,Item5_PTSerif,20,Item6_PTSerif,18,No.,30-44,Female,"$125,000-$149,999",Middle Atlantic,Windows Desktop / Laptop
6816954043,173013020,4/10/18 12:20,4/10/18 12:23,Laptop/Desktop,63,Female,Dearborn,MI,48128-2406,United States,45000,Omnivore,Item1_JosefinSlab,13,Item2_RobotoSlab,17,Item3_PTSerif,21,Item4_JosefinSans,13,Item5_PTSerif,15,Item6_JosefinSans,15,No.,> 60,Female,"$25,000-$49,999",East North Central,Windows Desktop / Laptop
6816925956,173013020,4/10/18 12:10,4/10/18 12:16,Laptop/Desktop,82,Female,Pearl City,HI,96782,usa,70000,Other,Item1_JosefinSlab,15,Item2_RobotoSlab,18,Item3_Roboto,22,Item4_Roboto,10,Item5_Roboto,32,Item6_JosefinSlab,18,No.,> 60,Female,"$200,000+",Pacific,MacOS Desktop / Laptop
6816884072,173013020,4/10/18 11:56,4/10/18 12:00,Laptop/Desktop,71,Female,Lac Cruces,NM,88011,USA,24000,Omnivore,Item1_JosefinSans,13,Item2_RobotoSlab,12,Item3_PTSans,15,Item4_RobotoSlab,10,Item5_RobotoSlab,16,Item6_JosefinSans,14,No.,> 60,Female,"$25,000-$49,999",Mountain,Windows Desktop / Laptop
6816871387,173013020,4/10/18 11:51,4/10/18 11:55,Laptop/Desktop,26,Male,Harlingen,TX,78550,USA,143500,Omnivore,Item1_JosefinSlab,15,Item2_PTSerif,15,Item3_JosefinSlab,18,Item4_PTSans,12,Item5_PTSerif,20,Item6_RobotoSlab,13,No.,18-29,Male,"$10,000-$24,999",West South Central,Windows Desktop / Laptop
6816863468,173013020,4/10/18 11:47,4/10/18 11:52,Laptop/Desktop,49,Male,Washington,NJ,7882,United States,150000,Omnivore,Item1_PTSans,20,Item2_PTSerif,15,Item3_PTSerif,18,Item4_Roboto,14,Item5_JosefinSans,25,Item6_JosefinSlab,23,No.,> 60,Male,Prefer not to answer,Middle Atlantic,Windows Desktop / Laptop
6816862845,173013020,4/10/18 11:48,4/10/18 11:55,Laptop/Desktop,74,Female,Hudson,NC,28638,USA,45000,Omnivore,Item1_Roboto,12.95,Item2_PTSans,13.99,Item3_Roboto,12.95,Item4_JosefinSans,15.95,Item5_JosefinSans,16.95,Item6_RobotoSlab,11.95,No.,> 60,Female,"$25,000-$49,999",South Atlantic,Windows Desktop / Laptop
6816840812,173013020,4/10/18 11:41,4/10/18 11:44,Laptop/Desktop,21,Female,Orlando,FL,32818-1253,United States,0,Other,Item1_PTSans,15,Item2_PTSerif,14,Item3_RobotoSlab,10,Item4_PTSans,30,Item5_JosefinSans,25,Item6_JosefinSans,12,No.,18-29,Female,"$10,000-$24,999",South Atlantic,Windows Desktop / Laptop
6816829739,173013020,4/10/18 11:37,4/10/18 11:43,Laptop/Desktop,23,Female,Silver Spring,MD,20910,USA,65205,Other,Item1_PTSans,15,Item2_PTSans,10,Item3_JosefinSans,20,Item4_RobotoSlab,30,Item5_JosefinSans,40,Item6_JosefinSans,15,No.,18-29,Female,"$25,000-$49,999",Middle Atlantic,Windows Desktop / Laptop
6816807167,173013020,4/10/18 11:30,4/10/18 11:33,Laptop/Desktop,47,Male,Northampton,MA,1060,United States,20000,Vegetarian,Item1_RobotoSlab,13.99,Item2_PTSerif,13.99,Item3_PTSans,15,Item4_JosefinSans,9.99,Item5_JosefinSlab,15.99,Item6_JosefinSlab,15,No.,45-60,Male,"$25,000-$49,999",New England,Windows Desktop / Laptop
6816803780,173013020,4/10/18 11:29,4/10/18 11:33,Laptop/Desktop,51,Female,spokane,WA,99204,USA,50000,Omnivore,Item1_JosefinSans,15,Item2_Roboto,20,Item3_PTSerif,18,Item4_PTSans,20,Item5_RobotoSlab,12,Item6_PTSerif,17,No.,45-60,Female,"$25,000-$49,999",Pacific,Windows Desktop / Laptop
6816784549,173013020,4/10/18 11:23,4/10/18 11:25,Laptop/Desktop,35,Female,Seattle,WA,98102,United States,100000,Omnivore,Item1_PTSans,15,Item2_Roboto,16,Item3_JosefinSlab,18,Item4_JosefinSlab,14,Item5_PTSerif,14,Item6_PTSans,20,No.,30-44,Female,"$100,000-$124,999",Pacific,MacOS Desktop / Laptop
6816753959,173013020,4/10/18 11:13,4/10/18 11:16,Laptop/Desktop,61,Female,morgantown,WV,26501,usa,34000,Other,Item1_Roboto,10,Item2_PTSerif,10,Item3_PTSerif,10,Item4_JosefinSlab,10,Item5_RobotoSlab,10,Item6_Roboto,5,No.,> 60,Female,"$50,000-$74,999",East North Central,Other
6816751627,173013020,4/10/18 11:12,4/10/18 11:21,Laptop/Desktop,57,Female,Columbus,OH,43227,United States,170000,Other,Item1_PTSerif,9.75,Item2_JosefinSans,12.75,Item3_PTSerif,12.1,Item4_Roboto,8.5,Item5_PTSans,8.95,Item6_Roboto,10.25,No.,45-60,Female,"$175,000-$199,999",East North Central,Windows Desktop / Laptop
6816751212,173013020,4/10/18 11:12,4/10/18 11:17,Laptop/Desktop,71,Male,Tallahassee,FL,32301,us,60000,Omnivore,Item1_JosefinSans,9,Item2_PTSans,11,Item3_JosefinSans,13,Item4_JosefinSans,12,Item5_JosefinSans,20,Item6_RobotoSlab,15,No.,> 60,Male,"$50,000-$74,999",South Atlantic,Windows Desktop / Laptop
6816747807,173013020,4/10/18 11:11,4/10/18 11:15,Laptop/Desktop,48,Female,Pembroke Pines,FL,33027,United States,32000,Vegan,Item1_Roboto,16,Item2_JosefinSans,14,Item3_PTSans,16,Item4_PTSerif,16,Item5_Roboto,14,Item6_Roboto,16,No.,45-60,Female,"$25,000-$49,999",South Atlantic,Windows Desktop / Laptop
6816735344,173013020,4/10/18 11:07,4/10/18 11:12,Laptop/Desktop,50,Female,Groveland ,MA,1834,USA ,15000,Other,Item1_PTSans,14,Item2_RobotoSlab,12,Item3_PTSans,20,Item4_PTSans,15,Item5_RobotoSlab,19,Item6_PTSerif,6,No.,45-60,Female,"$10,000-$24,999",New England,iOS Phone / Tablet
6816722685,173013020,4/10/18 11:03,4/10/18 11:07,Laptop/Desktop,59,Female,Cleveland,OH,44115,US,75000,Omnivore,Item1_PTSans,9,Item2_JosefinSans,11,Item3_JosefinSans,15,Item4_PTSans,12,Item5_JosefinSans,9,Item6_Roboto,12,No.,45-60,Male,"$100,000-$124,999",East North Central,Other
6816714571,173013020,4/10/18 11:00,4/10/18 11:03,Laptop/Desktop,44,Female,Palm Coast,FL,32164,USA,85000,Omnivore,Item1_RobotoSlab,12,Item2_PTSerif,15,Item3_JosefinSans,25,Item4_JosefinSlab,18,Item5_JosefinSlab,14,Item6_PTSerif,12,"No, but I was tempted to.",30-44,Female,"$75,000-$99,999",South Atlantic,Windows Desktop / Laptop
6816714442,173013020,4/10/18 11:00,4/10/18 11:03,Laptop/Desktop,28,Female,Phoenix,AZ,85021,USA,39000,Vegetarian,Item1_RobotoSlab,14,Item2_PTSans,12,Item3_PTSerif,18,Item4_PTSans,18,Item5_RobotoSlab,18,Item6_JosefinSans,18,No.,18-29,Female,"$10,000-$24,999",Mountain,Windows Desktop / Laptop
6816708637,173013020,4/10/18 10:58,4/10/18 11:02,Laptop/Desktop,18,Female,Ellicott City,MD,21043,USA,0,Omnivore,Item1_PTSans,8,Item2_Roboto,8,Item3_PTSerif,6,Item4_JosefinSlab,15,Item5_PTSans,11,Item6_Roboto,10,"No, but I was tempted to.",18-29,Female,Prefer not to answer,South Atlantic,Windows Desktop / Laptop
6816698121,173013020,4/10/18 10:55,4/10/18 10:58,Laptop/Desktop,47,Female,Washington,NJ,7882,United States,15000,Vegan,Item1_RobotoSlab,10,Item2_PTSerif,10,Item3_JosefinSans,10,Item4_JosefinSlab,10,Item5_JosefinSans,10,Item6_JosefinSans,5,No.,45-60,Female,"$10,000-$24,999",Middle Atlantic,MacOS Desktop / Laptop
6816692001,173013020,4/10/18 10:53,4/10/18 10:57,Laptop/Desktop,24,Female,Pine Hill,NM,87358,usa,19000,Omnivore,Item1_JosefinSlab,13,Item2_RobotoSlab,12,Item3_Roboto,17,Item4_JosefinSlab,18,Item5_PTSerif,14,Item6_RobotoSlab,11,"No, but I was tempted to.",18-29,Female,"$10,000-$24,999",Mountain,Windows Desktop / Laptop
6816653708,173013020,4/10/18 10:42,4/10/18 10:47,Laptop/Desktop,59,Male,Columbia Station,OH,44028,United States,90000,Omnivore,Item1_JosefinSans,17,Item2_JosefinSans,19,Item3_PTSans,21,Item4_RobotoSlab,12,Item5_PTSerif,21,Item6_RobotoSlab,14,No.,45-60,Male,"$100,000-$124,999",East North Central,Windows Desktop / Laptop
6816652222,173013020,4/10/18 10:41,4/10/18 10:51,Laptop/Desktop,56,Female,Walkersville,MD,21793,USA,64000,Other,Item1_Roboto,9.95,Item2_Roboto,13.95,Item3_RobotoSlab,13.95,Item4_PTSerif,9.95,Item5_JosefinSlab,15.95,Item6_PTSans,7.95,No.,45-60,Female,"$75,000-$99,999",South Atlantic,Windows Desktop / Laptop
6816641051,173013020,4/10/18 10:38,4/10/18 10:44,Laptop/Desktop,70,Female,Phoenix,AZ,85032,United States,89000,Omnivore,Item1_Roboto,10,Item2_JosefinSans,9,Item3_Roboto,15,Item4_PTSans,10,Item5_PTSerif,12,Item6_PTSans,15,No.,> 60,Female,"$75,000-$99,999",Mountain,Other
6816637906,173013020,4/10/18 10:37,4/10/18 10:40,Laptop/Desktop,58,Female,Osceola,WI,54020,USA,80000,Omnivore,Item1_PTSerif,7.95,Item2_PTSans,9.95,Item3_Roboto,10.95,Item4_PTSans,8.95,Item5_RobotoSlab,6.95,Item6_JosefinSans,8.95,"Yes, and I found the actual prices from the actual restaurants.",45-60,Female,"$175,000-$199,999",East North Central,Windows Desktop / Laptop
6816627136,173013020,4/10/18 10:34,4/10/18 10:40,Laptop/Desktop,63,Female,Northwood,NH,3261,United States,50800,Omnivore,Item1_PTSans,10,Item2_Roboto,12,Item3_RobotoSlab,18,Item4_RobotoSlab,12,Item5_Roboto,18,Item6_Roboto,23,No.,> 60,Female,"$50,000-$74,999",New England,Windows Desktop / Laptop
6816624589,173013020,4/10/18 10:33,4/10/18 10:38,Laptop/Desktop,75,Female,Cocoa,FL,32926,United States,15000,Omnivore,Item1_RobotoSlab,15,Item2_PTSerif,11,Item3_JosefinSlab,21,Item4_PTSans,10,Item5_RobotoSlab,14,Item6_RobotoSlab,14,No.,> 60,Female,"$10,000-$24,999",South Atlantic,Windows Desktop / Laptop
6816621236,173013020,4/10/18 10:32,4/10/18 10:35,Laptop/Desktop,57,Female,Grand Rapids,MI,49548,USA,75000,Omnivore,Item1_PTSans,14.99,Item2_JosefinSans,15.99,Item3_JosefinSlab,21.99,Item4_JosefinSlab,25.99,Item5_RobotoSlab,25.99,Item6_PTSans,17.99,"No, but I was tempted to.",45-60,Female,"$75,000-$99,999",East North Central,Windows Desktop / Laptop
6816611345,173013020,4/10/18 10:29,4/10/18 10:33,Laptop/Desktop,68,Male,E Haddam,CT,6423,USA,40000,Omnivore,Item1_PTSerif,10,Item2_Roboto,10,Item3_Roboto,10,Item4_PTSerif,10,Item5_JosefinSans,10,Item6_RobotoSlab,10,No.,> 60,Male,"$25,000-$49,999",New England,Windows Desktop / Laptop
6816610128,173013020,4/10/18 10:28,4/10/18 10:39,Laptop/Desktop,36,Female,Lansing,MI,48854,Ingham,32000,Omnivore,Item1_Roboto,11,Item2_JosefinSans,10,Item3_JosefinSans,14,Item4_Roboto,12,Item5_JosefinSlab,10,Item6_RobotoSlab,12,No.,30-44,Female,"$25,000-$49,999",East North Central,Windows Desktop / Laptop
6816604886,173013020,4/10/18 10:27,4/10/18 10:31,Laptop/Desktop,57,Female,Fleetwood,PA,19522,United States,125000,Omnivore,Item1_JosefinSlab,18,Item2_JosefinSlab,25,Item3_PTSerif,21,Item4_PTSerif,30,Item5_PTSans,30,Item6_Roboto,30,No.,45-60,Female,"$125,000-$149,999",Middle Atlantic,Windows Desktop / Laptop
6816595463,173013020,4/10/18 10:24,4/10/18 10:28,Laptop/Desktop,24,Female,maysville ,NC,28555,usa,38000,Omnivore,Item1_PTSerif,12,Item2_PTSans,15,Item3_RobotoSlab,24,Item4_PTSerif,17,Item5_PTSerif,19,Item6_PTSans,15,No.,18-29,Female,"$25,000-$49,999",South Atlantic,Windows Desktop / Laptop
6816591728,173013020,4/10/18 10:22,4/10/18 10:28,Laptop/Desktop,35,Female,Allen,TX,75013,United States,70000,Omnivore,Item1_JosefinSlab,20,Item2_Roboto,20,Item3_RobotoSlab,40,Item4_PTSerif,50,Item5_RobotoSlab,35,Item6_PTSerif,15,No.,30-44,Female,"$0-$9,999",West South Central,MacOS Desktop / Laptop
6816588720,173013020,4/10/18 10:20,4/10/18 10:25,Laptop/Desktop,48,Male,Colorado Spgs,CO,80917,United States,175000,Omnivore,Item1_PTSans,16,Item2_RobotoSlab,16,Item3_JosefinSans,18,Item4_JosefinSans,14,Item5_JosefinSlab,19,Item6_JosefinSlab,15,No.,45-60,Male,"$100,000-$124,999",Mountain,Windows Desktop / Laptop
6816581496,173013020,4/10/18 10:19,4/10/18 10:24,Laptop/Desktop,73,Male,Newark,DE,19711,USA,0,Omnivore,Item1_JosefinSlab,11.99,Item2_JosefinSans,14.99,Item3_JosefinSlab,16.99,Item4_Roboto,14.5,Item5_Roboto,12.99,Item6_JosefinSlab,21,No.,> 60,Male,Prefer not to answer,South Atlantic,MacOS Desktop / Laptop
6816556546,173013020,4/10/18 10:12,4/10/18 10:16,Laptop/Desktop,67,Female,Port St. Lucie,FL,34953,US,7000,Omnivore,Item1_Roboto,12,Item2_RobotoSlab,15,Item3_PTSerif,17,Item4_Roboto,10,Item5_JosefinSlab,15,Item6_RobotoSlab,12,No.,> 60,Female,"$10,000-$24,999",South Atlantic,Windows Desktop / Laptop
6816544227,173013020,4/10/18 10:08,4/10/18 10:16,Laptop/Desktop,19,Female,CANDOR,NY,13743,United States,10000,Omnivore,Item1_PTSans,8.95,Item2_JosefinSlab,12.95,Item3_RobotoSlab,21,Item4_PTSerif,7.95,Item5_PTSans,9.95,Item6_PTSans,8.95,No.,18-29,Female,"$75,000-$99,999",Middle Atlantic,Windows Desktop / Laptop
6816537712,173013020,4/10/18 10:06,4/10/18 10:10,Laptop/Desktop,19,Female,Cincinnati,OH,45219,USA,100000,Other,Item1_RobotoSlab,9,Item2_JosefinSans,12,Item3_RobotoSlab,16,Item4_PTSerif,12,Item5_Roboto,13,Item6_JosefinSlab,5,No.,18-29,Female,Prefer not to answer,East North Central,MacOS Desktop / Laptop
6816509794,173013020,4/10/18 9:56,4/10/18 10:08,Laptop/Desktop,75,Female,Algonquin,IL,60102,United States,25000,Vegetarian,Item1_JosefinSans,12,Item2_RobotoSlab,15,Item3_Roboto,18,Item4_PTSans,12,Item5_RobotoSlab,15,Item6_Roboto,15,No.,> 60,Female,"$10,000-$24,999",East North Central,Windows Desktop / Laptop
6816504480,173013020,4/10/18 9:55,4/10/18 9:59,Laptop/Desktop,18,Female,plainview,NY,11803,USA,100000,Omnivore,Item1_PTSerif,15,Item2_PTSerif,27,Item3_Roboto,24,Item4_JosefinSlab,32,Item5_JosefinSlab,27,Item6_PTSans,32,No.,18-29,Female,"$25,000-$49,999",Middle Atlantic,MacOS Desktop / Laptop
6816500769,173013020,4/10/18 9:54,4/10/18 9:57,Laptop/Desktop,60,Male,"athens, tx",TX,75751,usa,39000,Pescatarian,Item1_JosefinSans,10,Item2_PTSans,12,Item3_PTSerif,15,Item4_JosefinSans,10,Item5_RobotoSlab,9,Item6_Roboto,8,No.,> 60,Male,"$25,000-$49,999",West South Central,Windows Desktop / Laptop
6816488949,173013020,4/10/18 9:50,4/10/18 10:05,Laptop/Desktop,65,Do not wish to answer.,Oblong,IL,62449,US,85000,Other,Item1_Roboto,35,Item2_JosefinSans,40,Item3_PTSerif,45,Item4_Roboto,25,Item5_RobotoSlab,25,Item6_PTSerif,15,No.,> 60,Male,"$75,000-$99,999",East North Central,Windows Desktop / Laptop
6816476145,173013020,4/10/18 9:46,4/10/18 9:49,Laptop/Desktop,63,Male,Bettendorf,IA,52722,United States,100000,Omnivore,Item1_JosefinSans,15,Item2_JosefinSlab,12,Item3_JosefinSans,18,Item4_PTSans,20,Item5_Roboto,22,Item6_Roboto,12,No.,> 60,Male,"$200,000+",West North Central,Windows Desktop / Laptop
6816452661,173013020,4/10/18 9:38,4/10/18 9:41,Laptop/Desktop,52,Female,CHICAGO,IL,60634,US,50000,Omnivore,Item1_PTSans,12,Item2_JosefinSlab,14,Item3_RobotoSlab,14,Item4_PTSans,12,Item5_Roboto,15,Item6_RobotoSlab,14,No.,45-60,Female,Prefer not to answer,East North Central,Windows Desktop / Laptop
6816442337,173013020,4/10/18 9:35,4/10/18 9:40,Laptop/Desktop,62,Female,Grand Rapids,MI,49503,USA,49999,Other,Item1_Roboto,12,Item2_PTSans,10,Item3_JosefinSlab,18,Item4_PTSerif,15,Item5_PTSans,12,Item6_PTSerif,15,No.,> 60,Female,"$25,000-$49,999",East North Central,Windows Desktop / Laptop
6816432944,173013020,4/10/18 9:32,4/10/18 9:37,Laptop/Desktop,20,Female,Fort Hood,TX,36031,US,21000,Pescatarian,Item1_PTSans,18,Item2_JosefinSlab,15,Item3_JosefinSlab,20,Item4_Roboto,20,Item5_PTSerif,17,Item6_RobotoSlab,15,No.,18-29,Female,"$10,000-$24,999",East South Central,Windows Desktop / Laptop
6816429128,173013020,4/10/18 9:27,4/10/18 9:35,Laptop/Desktop,64,Female,San Francisco,CA,94123,United States,38000,Omnivore,Item1_JosefinSans,10,Item2_RobotoSlab,12,Item3_JosefinSlab,15,Item4_RobotoSlab,8,Item5_JosefinSlab,15,Item6_Roboto,12,No.,> 60,Female,"$25,000-$49,999",West North Central,Windows Desktop / Laptop
6816425684,173013020,4/10/18 8:50,4/10/18 9:37,Laptop/Desktop,49,Female,Pasadena,CA,91104,USA,100000,Vegetarian,Item1_JosefinSans,8,Item2_Roboto,12,Item3_Roboto,16,Item4_JosefinSans,15,Item5_PTSerif,19,Item6_JosefinSans,22,No.,45-60,Female,"$200,000+",Pacific,MacOS Desktop / Laptop
6816375019,173013020,4/10/18 9:13,4/10/18 9:18,Laptop/Desktop,52,Male,Appleton,WI,54914,usa,70000,Omnivore,Item1_RobotoSlab,33,Item2_PTSerif,25,Item3_JosefinSans,45,Item4_PTSans,33,Item5_PTSerif,60,Item6_JosefinSlab,25,No.,45-60,Male,"$75,000-$99,999",East North Central,Windows Desktop / Laptop
6816351162,173013020,4/10/18 9:06,4/10/18 9:10,Laptop/Desktop,39,Female,Scottsdale,AZ,85260,USA,250000,Other,Item1_RobotoSlab,7.99,Item2_PTSans,12.99,Item3_PTSans,8.99,Item4_PTSans,13,Item5_JosefinSans,10,Item6_JosefinSans,20,No.,30-44,Female,"$200,000+",Mountain,Windows Desktop / Laptop
6816348956,173013020,4/10/18 9:05,4/10/18 9:19,Laptop/Desktop,77,Male,Aurora,CO,80010,USA,55000,Other,Item1_Roboto,18,Item2_PTSans,12,Item3_JosefinSans,22,Item4_PTSerif,15,Item5_JosefinSlab,26,Item6_PTSerif,12,No.,> 60,Male,"$50,000-$74,999",Mountain,Windows Desktop / Laptop
6816341377,173013020,4/10/18 9:03,4/10/18 9:05,Laptop/Desktop,32,Female,Atlanta,GA,30327,USA,53000,Other,Item1_JosefinSans,11,Item2_Roboto,12,Item3_PTSerif,15,Item4_RobotoSlab,15,Item5_RobotoSlab,13,Item6_PTSans,18,No.,30-44,Female,"$50,000-$74,999",South Atlantic,Windows Desktop / Laptop
6816332257,173013020,4/10/18 8:59,4/10/18 9:08,Laptop/Desktop,55,Female,Tuckerton,NJ,8087,US,40000,Other,Item1_PTSans,15,Item2_Roboto,20,Item3_JosefinSans,20,Item4_RobotoSlab,15,Item5_PTSans,25,Item6_JosefinSans,20,No.,45-60,Female,"$25,000-$49,999",Middle Atlantic,Windows Desktop / Laptop
6816294229,173013020,4/10/18 8:47,4/10/18 8:54,Laptop/Desktop,51,Female,Troy,NY,12180,USA,54000,Pescatarian,Item1_JosefinSlab,18,Item2_PTSans,20,Item3_PTSans,23,Item4_PTSerif,20,Item5_JosefinSans,18,Item6_JosefinSlab,18,No.,45-60,Female,"$100,000-$124,999",Middle Atlantic,Windows Desktop / Laptop
6816284975,173013020,4/10/18 8:44,4/10/18 8:52,Laptop/Desktop,58,Female,East Norwich,NY,11732,USA,80000,Other,Item1_PTSans,25,Item2_PTSans,30,Item3_RobotoSlab,32,Item4_JosefinSlab,15,Item5_PTSans,35,Item6_RobotoSlab,35,No.,45-60,Female,"$75,000-$99,999",Middle Atlantic,Windows Desktop / Laptop
6816278175,173013020,4/10/18 8:42,4/10/18 8:46,Laptop/Desktop,59,Female,pleasantville,NJ,8232,USa,20000,Omnivore,Item1_Roboto,24,Item2_JosefinSlab,14,Item3_JosefinSans,14,Item4_JosefinSlab,11,Item5_PTSans,19,Item6_Roboto,16,No.,45-60,Female,Prefer not to answer,Middle Atlantic,Windows Desktop / Laptop
6816245873,173013020,4/10/18 8:32,4/10/18 8:36,Laptop/Desktop,54,Female,Mason,OH,45040,USA,20000,Other,Item1_JosefinSans,12,Item2_Roboto,14,Item3_PTSans,18,Item4_RobotoSlab,15,Item5_PTSerif,19,Item6_JosefinSlab,17,No.,45-60,Female,"$50,000-$74,999",East North Central,Windows Desktop / Laptop
6816231651,173013020,4/10/18 8:27,4/10/18 8:30,Laptop/Desktop,29,Female,Newport News,VA,23602,United States,12000,Other,Item1_PTSans,15,Item2_JosefinSans,18,Item3_PTSerif,20,Item4_PTSerif,14,Item5_JosefinSans,16,Item6_PTSerif,15,No.,18-29,Female,"$25,000-$49,999",South Atlantic,Windows Desktop / Laptop
6816219378,173013020,4/10/18 8:23,4/10/18 8:27,Laptop/Desktop,45,Male,Cedar Park,TX,78613,USA,99750,Omnivore,Item1_PTSerif,14.99,Item2_Roboto,14.99,Item3_PTSerif,19.99,Item4_JosefinSlab,12.99,Item5_RobotoSlab,24.99,Item6_PTSans,15.99,No.,45-60,Male,"$75,000-$99,999",West South Central,Windows Desktop / Laptop
6816195098,173013020,4/10/18 8:16,4/10/18 8:19,Laptop/Desktop,37,Female,Pawtucket,RI,2861,USA,85000,Vegetarian,Item1_PTSerif,13,Item2_JosefinSlab,15,Item3_RobotoSlab,15,Item4_RobotoSlab,10,Item5_PTSerif,11,Item6_JosefinSans,22,No.,30-44,Female,"$75,000-$99,999",New England,Windows Desktop / Laptop
6816193317,173013020,4/10/18 8:15,4/10/18 8:20,Laptop/Desktop,45,Male,Chamblee,GA,30341,United States,150000,Omnivore,Item1_JosefinSlab,18,Item2_JosefinSlab,14,Item3_Roboto,24,Item4_JosefinSlab,25,Item5_PTSerif,19,Item6_PTSans,20,No.,45-60,Male,"$175,000-$199,999",South Atlantic,Windows Desktop / Laptop
6816193109,173013020,4/10/18 8:15,4/10/18 8:19,Laptop/Desktop,32,Female,Warwick,RI,2886,USA,0,Omnivore,Item1_Roboto,22,Item2_PTSerif,25,Item3_RobotoSlab,30,Item4_Roboto,28,Item5_PTSerif,30,Item6_RobotoSlab,26,No.,30-44,Female,Prefer not to answer,New England,Windows Desktop / Laptop
6816189964,173013020,4/10/18 8:14,4/10/18 8:51,Laptop/Desktop,59,Female,Houston,TX,77083,USA,27000,Omnivore,Item1_PTSerif,10,Item2_PTSans,16,Item3_Roboto,20,Item4_JosefinSans,8,Item5_JosefinSans,8,Item6_PTSerif,8,No.,45-60,Female,"$50,000-$74,999",West South Central,Windows Desktop / Laptop
6816182077,173013020,4/10/18 8:12,4/10/18 8:15,Laptop/Desktop,49,Female,Shrewsbury,MA,1545,United States,120000,Other,Item1_PTSans,15,Item2_PTSerif,15,Item3_PTSans,21,Item4_PTSans,21,Item5_Roboto,18,Item6_PTSerif,16,No.,45-60,Female,"$100,000-$124,999",New England,Windows Desktop / Laptop
6816154614,173013020,4/10/18 8:03,4/10/18 8:07,Laptop/Desktop,63,Female,Santa Fe,NM,87501,US,84000,Omnivore,Item1_PTSerif,17,Item2_JosefinSans,22,Item3_Roboto,28,Item4_RobotoSlab,30,Item5_Roboto,30,Item6_PTSans,28,"No, but I was tempted to.",> 60,Female,"$200,000+",Mountain,MacOS Desktop / Laptop
6816139831,173013020,4/10/18 7:58,4/10/18 8:08,Laptop/Desktop,63,Male,Easton,MD,21601,U.S.A.,0,Omnivore,Item1_PTSerif,12,Item2_RobotoSlab,12,Item3_PTSerif,16,Item4_RobotoSlab,6,Item5_JosefinSans,15,Item6_PTSerif,15,No.,> 60,Male,Prefer not to answer,South Atlantic,Windows Desktop / Laptop
6816125061,173013020,4/10/18 7:54,4/10/18 7:59,Laptop/Desktop,64,Male,Douglas,WY,82633,US,38000,Pescatarian,Item1_Roboto,12,Item2_JosefinSlab,16,Item3_JosefinSlab,18,Item4_Roboto,34,Item5_JosefinSans,68,Item6_Roboto,19,No.,> 60,Male,"$50,000-$74,999",Mountain,Windows Desktop / Laptop
6816124853,173013020,4/10/18 7:54,4/10/18 7:58,Laptop/Desktop,67,Female,Wilmette,IL,60091,USA,75000,Omnivore,Item1_RobotoSlab,15,Item2_PTSans,15,Item3_PTSerif,12,Item4_RobotoSlab,20,Item5_Roboto,15,Item6_PTSans,15,"No, but I was tempted to.",> 60,Female,"$100,000-$124,999",East North Central,Windows Desktop / Laptop
6816114969,173013020,4/10/18 7:51,4/10/18 7:55,Laptop/Desktop,36,Female,Chicago,IL,60639,USA,60000,Omnivore,Item1_JosefinSans,9.99,Item2_JosefinSans,10.99,Item3_JosefinSans,9.99,Item4_RobotoSlab,8.99,Item5_PTSerif,15.99,Item6_JosefinSans,12.99,No.,30-44,Female,"$75,000-$99,999",East North Central,Windows Desktop / Laptop
6816061112,173013020,4/10/18 7:34,4/10/18 7:38,Laptop/Desktop,33,Female,west mifflin,PA,15122,United States,12000,Other,Item1_JosefinSans,15,Item2_Roboto,12,Item3_PTSans,18,Item4_PTSans,15,Item5_JosefinSans,22,Item6_PTSerif,12,No.,30-44,Female,"$10,000-$24,999",Middle Atlantic,Other
6816044069,173013020,4/10/18 7:29,4/10/18 7:36,Laptop/Desktop,40,Female,comanche,TX,76442,USA,10000,Other,Item1_JosefinSlab,10,Item2_JosefinSans,12,Item3_RobotoSlab,12,Item4_JosefinSlab,10,Item5_PTSans,12,Item6_JosefinSlab,6,No.,30-44,Female,"$10,000-$24,999",West South Central,Windows Desktop / Laptop
6816025212,173013020,4/10/18 7:23,4/10/18 7:27,Laptop/Desktop,37,Female,Richmond,VA,23223,United States,26000,Omnivore,Item1_JosefinSlab,12,Item2_PTSerif,17,Item3_JosefinSans,19,Item4_RobotoSlab,21,Item5_JosefinSlab,17,Item6_JosefinSans,22,No.,30-44,Female,"$10,000-$24,999",South Atlantic,Windows Desktop / Laptop
6816006201,173013020,4/10/18 7:17,4/10/18 7:21,Laptop/Desktop,51,Male,detroit,MI,48382,oakland,150000,Omnivore,Item1_JosefinSans,12,Item2_PTSerif,14,Item3_RobotoSlab,14,Item4_Roboto,12,Item5_RobotoSlab,27,Item6_JosefinSlab,16,No.,45-60,Male,"$200,000+",East North Central,Windows Desktop / Laptop
6815997832,173013020,4/10/18 7:14,4/10/18 7:18,Laptop/Desktop,27,Female,tallahassee,FL,32311,us,32000,Vegetarian,Item1_JosefinSlab,12,Item2_RobotoSlab,12,Item3_Roboto,10,Item4_JosefinSlab,12,Item5_JosefinSlab,15,Item6_RobotoSlab,7,No.,18-29,Female,"$25,000-$49,999",South Atlantic,Windows Desktop / Laptop
6815987757,173013020,4/10/18 7:11,4/10/18 7:16,Laptop/Desktop,55,Female,Woodsville,NH,3785,USA,100000,Omnivore,Item1_RobotoSlab,15,Item2_Roboto,20,Item3_RobotoSlab,25,Item4_PTSerif,25,Item5_Roboto,25,Item6_RobotoSlab,20,No.,45-60,Female,"$175,000-$199,999",New England,MacOS Desktop / Laptop
6815985131,173013020,4/10/18 7:10,4/10/18 7:23,Laptop/Desktop,38,Female,Nephi,UT,84648,United States,40000,Omnivore,Item1_JosefinSlab,16,Item2_Roboto,16,Item3_PTSerif,18,Item4_PTSans,17,Item5_JosefinSlab,12,Item6_RobotoSlab,11,No.,30-44,Female,"$50,000-$74,999",Mountain,Windows Desktop / Laptop
6815981726,173013020,4/10/18 7:09,4/10/18 7:12,Laptop/Desktop,55,Female,Oregon,WI,53575,USA,48000,Omnivore,Item1_PTSerif,12,Item2_RobotoSlab,18,Item3_Roboto,10,Item4_Roboto,28,Item5_PTSans,24,Item6_JosefinSans,20,No.,45-60,Female,"$75,000-$99,999",East North Central,Windows Desktop / Laptop
6815956951,173013020,4/10/18 7:00,4/10/18 7:36,Laptop/Desktop,50,Female,homer,MI,49245,usa,50,Omnivore,Item1_RobotoSlab,30,Item2_JosefinSlab,22,Item3_JosefinSlab,58,Item4_JosefinSans,75,Item5_JosefinSlab,28,Item6_RobotoSlab,19,"No, but I was tempted to.",45-60,Female,"$50,000-$74,999",East North Central,Windows Desktop / Laptop
6815951553,173013020,4/10/18 6:59,4/10/18 7:06,Laptop/Desktop,42,Male,O'Fallon,MO,63368,USA,52000,Omnivore,Item1_JosefinSlab,9,Item2_PTSans,8,Item3_Roboto,12,Item4_PTSans,6.5,Item5_PTSans,12,Item6_JosefinSlab,7.25,No.,30-44,Male,"$50,000-$74,999",West North Central,Windows Desktop / Laptop
6815933925,173013020,4/10/18 6:49,4/10/18 6:58,Laptop/Desktop,24,Male,Soho,NY,10012,USA,68000,Other,Item1_JosefinSlab,16.99,Item2_RobotoSlab,18.99,Item3_PTSerif,25.99,Item4_PTSerif,14.99,Item5_Roboto,15.99,Item6_PTSerif,10.99,No.,18-29,Male,Prefer not to answer,Middle Atlantic,Windows Desktop / Laptop
6815925760,173013020,4/10/18 6:50,4/10/18 6:58,Laptop/Desktop,56,Female,Omaha,NE,68105,United States,50000,Omnivore,Item1_PTSans,10,Item2_PTSans,8,Item3_PTSans,8,Item4_PTSans,7,Item5_PTSans,10,Item6_RobotoSlab,9,"No, but I was tempted to.",45-60,Female,"$25,000-$49,999",West North Central,Windows Desktop / Laptop
6815903310,173013020,4/10/18 6:42,4/10/18 6:47,Laptop/Desktop,54,Female,Jacksonville,TX,75766,United States,43000,Omnivore,Item1_JosefinSans,8,Item2_JosefinSans,10,Item3_Roboto,8,Item4_PTSerif,6,Item5_PTSerif,10,Item6_PTSans,10,No.,45-60,Female,"$125,000-$149,999",West South Central,Windows Desktop / Laptop
6815856319,173013020,4/10/18 6:25,4/10/18 7:12,Laptop/Desktop,54,Female,newport news,VA,23607,us,22000,Other,Item1_JosefinSlab,15.99,Item2_RobotoSlab,19.99,Item3_Roboto,25.99,Item4_PTSans,16.99,Item5_PTSans,16.99,Item6_PTSerif,12.99,"No, but I was tempted to.",45-60,Female,"$75,000-$99,999",South Atlantic,Windows Desktop / Laptop
6815754139,173013020,4/10/18 5:46,4/10/18 5:52,Laptop/Desktop,54,Female,Knoxville,TN,37920,USA,110000,Omnivore,Item1_PTSerif,15,Item2_RobotoSlab,15,Item3_JosefinSlab,18,Item4_Roboto,20,Item5_PTSerif,18,Item6_RobotoSlab,25,No.,45-60,Female,"$125,000-$149,999",East South Central,MacOS Desktop / Laptop
6815725937,173013020,4/10/18 5:35,4/10/18 5:37,Laptop/Desktop,57,Female,oshkosh,NE,69154,usa,80000,Omnivore,Item1_PTSerif,22,Item2_Roboto,26,Item3_RobotoSlab,26,Item4_JosefinSlab,15,Item5_RobotoSlab,23,Item6_Roboto,22,No.,45-60,Female,Prefer not to answer,West North Central,Windows Desktop / Laptop
6815725861,173013020,4/10/18 5:34,4/10/18 5:39,Laptop/Desktop,78,Male,Heath,TX,75126,United States,96000,Omnivore,Item1_Roboto,10,Item2_JosefinSans,10,Item3_JosefinSlab,10,Item4_PTSerif,15,Item5_JosefinSans,15,Item6_JosefinSlab,10,No.,> 60,Male,"$100,000-$124,999",West South Central,Windows Desktop / Laptop
6815702592,173013020,4/10/18 5:24,4/10/18 5:30,Laptop/Desktop,57,Female,opelousas,LA,70570,usa,66,Other,Item1_PTSans,15,Item2_Roboto,20,Item3_JosefinSans,25,Item4_PTSans,25,Item5_JosefinSlab,30,Item6_JosefinSans,15,No.,45-60,Female,"$125,000-$149,999",West South Central,Windows Desktop / Laptop
6815673211,173013020,4/10/18 5:11,4/10/18 5:16,Laptop/Desktop,49,Female,Scurry,TX,75158,USA,36000,Omnivore,Item1_Roboto,13,Item2_JosefinSans,18,Item3_JosefinSlab,17,Item4_JosefinSans,9,Item5_Roboto,12,Item6_JosefinSans,8,No.,45-60,Female,"$25,000-$49,999",West South Central,Windows Desktop / Laptop
6815658782,173013020,4/10/18 5:04,4/10/18 5:09,Laptop/Desktop,40,Female,Maryville,TN,37801,USA,0,Omnivore,Item1_JosefinSlab,15,Item2_PTSerif,20,Item3_RobotoSlab,20,Item4_RobotoSlab,15,Item5_RobotoSlab,25,Item6_PTSerif,20,No.,30-44,Female,Prefer not to answer,East South Central,Windows Desktop / Laptop
6815652839,173013020,4/10/18 5:02,4/10/18 5:06,Laptop/Desktop,74,Female,williamsburg,VA,23185,usa,100000,Other,Item1_Roboto,12,Item2_JosefinSlab,12,Item3_RobotoSlab,10,Item4_PTSans,14,Item5_RobotoSlab,14,Item6_JosefinSlab,12,No.,> 60,Female,"$125,000-$149,999",Middle Atlantic,Other
6815643063,173013020,4/10/18 4:57,4/10/18 4:59,Laptop/Desktop,22,Female,Suffield,CT,6078,United States,35000,Omnivore,Item1_JosefinSlab,8.5,Item2_Roboto,14.99,Item3_Roboto,21.99,Item4_Roboto,28,Item5_PTSerif,34,Item6_JosefinSans,12,No.,18-29,Female,"$150,000-$174,999",New England,Windows Desktop / Laptop
6815640793,173013020,4/10/18 4:56,4/10/18 5:01,Laptop/Desktop,47,Female,Mount Jewett,PA,16740,USA,97000,Other,Item1_Roboto,12.99,Item2_RobotoSlab,15,Item3_JosefinSans,23,Item4_PTSans,18,Item5_PTSans,18,Item6_RobotoSlab,15,No.,45-60,Female,"$175,000-$199,999",Middle Atlantic,Windows Desktop / Laptop
6815634405,173013020,4/10/18 4:52,4/10/18 4:56,Laptop/Desktop,46,Female,Pittsburgh,PA,15236,USA,100000,Omnivore,Item1_PTSerif,9,Item2_JosefinSans,14,Item3_PTSans,16,Item4_RobotoSlab,17,Item5_PTSans,12,Item6_RobotoSlab,11,"No, but I was tempted to.",45-60,Female,"$125,000-$149,999",Middle Atlantic,Windows Desktop / Laptop
6815617523,173013020,4/10/18 4:43,4/10/18 4:46,Laptop/Desktop,62,Female,Temple,TX,76504,United States,50000,Omnivore,Item1_RobotoSlab,9.99,Item2_Roboto,9.99,Item3_JosefinSans,9.99,Item4_PTSerif,9.99,Item5_PTSerif,10.99,Item6_RobotoSlab,12.99,"No, but I was tempted to.",> 60,Female,"$50,000-$74,999",West South Central,Windows Desktop / Laptop
6815594885,173013020,4/10/18 4:31,4/10/18 4:34,Laptop/Desktop,40,Female,Troy,MI,48083,USA,80000,Omnivore,Item1_JosefinSans,14.99,Item2_JosefinSlab,14.99,Item3_Roboto,20.99,Item4_Roboto,7.99,Item5_PTSerif,12.99,Item6_RobotoSlab,16.99,"No, but I was tempted to.",30-44,Female,"$75,000-$99,999",East North Central,Windows Desktop / Laptop
6815374584,173013020,4/10/18 2:19,4/10/18 2:23,Laptop/Desktop,72,Female,noho,MA,1060,usa,35000,Other,Item1_JosefinSlab,14,Item2_PTSans,18,Item3_PTSerif,18,Item4_JosefinSans,14,Item5_RobotoSlab,14,Item6_PTSans,19,No.,> 60,Female,Prefer not to answer,New England,Windows Desktop / Laptop
6815185720,173013020,4/10/18 0:01,4/10/18 0:03,Laptop/Desktop,40,Female,cambridge,OH,43725,United States,0,Other,Item1_JosefinSlab,4,Item2_JosefinSans,4,Item3_Roboto,4,Item4_Roboto,4,Item5_JosefinSans,0,Item6_JosefinSlab,0,No.,30-44,Female,"$0-$9,999",East North Central,Other
6815085414,173013020,4/9/18 22:27,4/9/18 22:32,Laptop/Desktop,56,Female,Kingman,AZ,86409,United States,20000,Omnivore,Item1_Roboto,17,Item2_JosefinSlab,14.99,Item3_Roboto,21.99,Item4_PTSerif,24.99,Item5_RobotoSlab,14.99,Item6_JosefinSlab,11.99,No.,45-60,Female,"$10,000-$24,999",Mountain,Windows Desktop / Laptop
6815081863,173013020,4/9/18 22:24,4/9/18 22:26,Laptop/Desktop,60,Male,Austin,TX,78752,Travis,50000,Omnivore,Item1_RobotoSlab,7,Item2_Roboto,7,Item3_RobotoSlab,7,Item4_PTSerif,7,Item5_PTSans,7,Item6_PTSans,7,No.,> 60,Male,"$50,000-$74,999",West South Central,Windows Desktop / Laptop
6815059742,173013020,4/9/18 22:01,4/9/18 22:06,Laptop/Desktop,39,Do not wish to answer.,Flushing,NY,11358,USA,10,Vegan,Item1_PTSans,8,Item2_Roboto,8,Item3_Roboto,8,Item4_JosefinSlab,7,Item5_PTSans,8,Item6_JosefinSlab,8,No.,30-44,Female,Prefer not to answer,Middle Atlantic,MacOS Desktop / Laptop
6815059571,173013020,4/9/18 22:01,4/9/18 22:05,Laptop/Desktop,61,Female,Chaseburg,WI,54621,US,40000,Vegetarian,Item1_Roboto,16,Item2_JosefinSans,23,Item3_PTSans,15,Item4_PTSans,12,Item5_PTSerif,20,Item6_JosefinSlab,16,No.,> 60,Female,"$25,000-$49,999",East North Central,Windows Desktop / Laptop
6815025548,173013020,4/9/18 21:29,4/9/18 21:35,Laptop/Desktop,19,Female,Sunland,CA,91040,United States,0,Omnivore,Item1_RobotoSlab,10,Item2_Roboto,12,Item3_Roboto,17.5,Item4_Roboto,22,Item5_PTSans,8.75,Item6_RobotoSlab,7,No.,18-29,Female,"$0-$9,999",Pacific,Windows Desktop / Laptop
6815016247,173013020,4/9/18 21:19,4/9/18 21:30,Laptop/Desktop,72,Female,La Habra,CA,90631,United States,50000,Other,Item1_Roboto,12,Item2_JosefinSlab,15,Item3_JosefinSans,20,Item4_RobotoSlab,25,Item5_JosefinSlab,40,Item6_Roboto,15,No.,> 60,Female,"$10,000-$24,999",Pacific,Windows Desktop / Laptop
6814998561,173013020,4/9/18 21:03,4/9/18 21:09,Laptop/Desktop,48,Do not wish to answer.,NY,NY,10012,usa,0,Other,Item1_JosefinSlab,4,Item2_JosefinSlab,4,Item3_RobotoSlab,4,Item4_RobotoSlab,4,Item5_Roboto,4,Item6_JosefinSans,4,No.,30-44,Female,Prefer not to answer,Middle Atlantic,Windows Desktop / Laptop
6814985791,173013020,4/9/18 20:52,4/9/18 20:58,Laptop/Desktop,59,Male,Mission Viejo,CA,92690,United States,131000,Omnivore,Item1_PTSerif,25,Item2_PTSans,30,Item3_JosefinSlab,35,Item4_Roboto,20,Item5_RobotoSlab,30,Item6_PTSans,20,No.,45-60,Male,"$50,000-$74,999",Pacific,Windows Desktop / Laptop
6814972504,173013020,4/9/18 20:40,4/9/18 20:50,Laptop/Desktop,79,Female,Lafayette,LA,70506,United States,0,Omnivore,Item1_Roboto,12.99,Item2_Roboto,15.99,Item3_PTSerif,15.99,Item4_PTSans,21,Item5_Roboto,25.99,Item6_RobotoSlab,14.99,No.,> 60,Female,Prefer not to answer,West South Central,Windows Desktop / Laptop
6814958909,173013020,4/9/18 20:30,4/9/18 20:33,Laptop/Desktop,61,Female,Austin,TX,78759,USA,130000,Pescatarian,Item1_JosefinSlab,9,Item2_RobotoSlab,12,Item3_RobotoSlab,12,Item4_RobotoSlab,12,Item5_JosefinSans,12,Item6_RobotoSlab,16,No.,> 60,Female,"$100,000-$124,999",West South Central,MacOS Desktop / Laptop
6814939579,173013020,4/9/18 20:14,4/9/18 20:19,Laptop/Desktop,26,Female,portland,OR,97215,usa,47000,Omnivore,Item1_PTSerif,14,Item2_Roboto,17,Item3_PTSerif,17,Item4_Roboto,15,Item5_JosefinSans,16,Item6_Roboto,15,No.,18-29,Female,"$25,000-$49,999",Pacific,MacOS Desktop / Laptop
6814936412,173013020,4/9/18 20:12,4/9/18 20:19,Laptop/Desktop,63,Female,Yakima,WA,98908,usa,30000,Omnivore,Item1_RobotoSlab,15,Item2_PTSerif,15,Item3_PTSans,25,Item4_Roboto,60,Item5_RobotoSlab,60,Item6_PTSans,20,No.,> 60,Female,"$25,000-$49,999",Pacific,Windows Desktop / Laptop